Workbook

Sheet README
A1: TPRM-015 | VENDOR INCIDENT & BREACH REGISTER | B1: Mayekar Technologies Pvt. Ltd.
A2: Document ID | B2: MTPL-TPRM-015
A3: Version | B3: 1.0
A4: Prepared By | B4: Omkar Abhay Mayekar
A5: Status | B5: Portfolio / Simulated Evidence
A6: Purpose | B6: Central register for recording, assessing, escalating, investigating, remediating and closing third-party security/privacy/service incidents and breaches.
A7: Dependency | B7: TPRM-009 Vendor Risk Register; TPRM-013 Contract & SLA Security Register; TPRM-014 Vendor Performance & SLA Monitoring Register.
A8: Lifecycle | B8: Report → Triage → Classify → Contain → Investigate → Notify → Remediate → Verify → Close → Lessons Learned
A9: Escalation | B9: Material incidents, contractual notification events, repeated SLA breaches and high/critical impacts should be escalated according to defined governance.
A10: Disclaimer | B10: All incident records, timelines, impacts, root causes and actions are simulated placeholders for portfolio/learning purposes.

Sheet Document Control
A1: Field | B1: Value
A2: Document Title | B2: Vendor Incident & Breach Register
A3: Document ID | B3: MTPL-TPRM-015
A4: Version | B4: 1.0
A5: Organization | B5: Mayekar Technologies Pvt. Ltd.
A6: Prepared By | B6: Omkar Abhay Mayekar
A7: Reviewed By | B7: GRC Manager — Simulated
A8: Approved By | B8: Management — Simulated
A9: Effective Date | B9: 2026-08-01
A10: Review Cycle | B10: Per incident and quarterly trend review
A11: Classification | B11: Internal / Confidential
A12: Status | B12: Portfolio / Simulated

Sheet Incident Register
A1: Incident ID | B1: Vendor ID | C1: Vendor Name | D1: Contract ID | E1: TPRM Tier | F1: Risk Rating | G1: Incident Date | H1: Detected Date | I1: Reported Date | J1: Incident Type | K1: Security Domain | L1: Severity | M1: Status | N1: Business Impact | O1: Data / Information Impact | P1: Service Impact | Q1: Confidentiality Impact | R1: Integrity Impact | S1: Availability Impact | T1: Initial Risk | U1: Containment Status | V1: Root Cause Status | W1: Customer Notification Required | X1: Regulatory Notification Required | Y1: Contractual Notification Required | Z1: Notification Date | AA1: Incident Owner | AB1: Vendor Contact | AC1: Internal Stakeholders | AD1: Evidence / Ticket Reference | AE1: Corrective Action | AF1: Target Closure Date | AG1: Verification Status | AH1: Closure Date | AI1: Lessons Learned | AJ1: Risk Register Link | AK1: Management Escalation | AL1: Comments
A2: INC-0001 | B2: VND-001 | C2: CloudSphere Infrastructure | D2: CTR-001 | E2: Enhanced | F2: High | J2: Not Reported | K2: Security | L2: None | M2: Open | N2: To Be Assessed | O2: To Be Assessed | P2: To Be Assessed | Q2: To Be Assessed | R2: To Be Assessed | S2: To Be Assessed | T2: To Be Assessed | U2: Not Started | V2: Not Started | W2: Pending | X2: Pending | Y2: Pending | AA2: Vendor Manager | AB2: Vendor Contact | AC2: GRC / Security / Business Owner | AD2: Pending | AE2: Investigate if incident occurs | AG2: Pending | AI2: Capture lessons learned after closure | AJ2: VND-001-RISK | AK2: No | AL2: Simulated incident placeholder.
A3: INC-0002 | B3: VND-002 | C3: Microsoft 365 Services | D3: CTR-002 | E3: Standard | F3: Medium | J3: Not Reported | K3: Security | L3: None | M3: Open | N3: To Be Assessed | O3: To Be Assessed | P3: To Be Assessed | Q3: To Be Assessed | R3: To Be Assessed | S3: To Be Assessed | T3: To Be Assessed | U3: Not Started | V3: Not Started | W3: Pending | X3: Pending | Y3: Pending | AA3: Vendor Manager | AB3: Vendor Contact | AC3: GRC / Security / Business Owner | AD3: Pending | AE3: Investigate if incident occurs | AG3: Pending | AI3: Capture lessons learned after closure | AJ3: VND-002-RISK | AK3: No | AL3: Simulated incident placeholder.
A4: INC-0003 | B4: VND-003 | C4: SecureVault Backup | D4: CTR-003 | E4: Enhanced | F4: High | J4: Not Reported | K4: Security | L4: None | M4: Open | N4: To Be Assessed | O4: To Be Assessed | P4: To Be Assessed | Q4: To Be Assessed | R4: To Be Assessed | S4: To Be Assessed | T4: To Be Assessed | U4: Not Started | V4: Not Started | W4: Pending | X4: Pending | Y4: Pending | AA4: Vendor Manager | AB4: Vendor Contact | AC4: GRC / Security / Business Owner | AD4: Pending | AE4: Investigate if incident occurs | AG4: Pending | AI4: Capture lessons learned after closure | AJ4: VND-003-RISK | AK4: No | AL4: Simulated incident placeholder.
A5: INC-0004 | B5: VND-004 | C5: TalentCore HRMS | D5: CTR-004 | E5: Standard | F5: Medium | J5: Not Reported | K5: Security | L5: None | M5: Open | N5: To Be Assessed | O5: To Be Assessed | P5: To Be Assessed | Q5: To Be Assessed | R5: To Be Assessed | S5: To Be Assessed | T5: To Be Assessed | U5: Not Started | V5: Not Started | W5: Pending | X5: Pending | Y5: Pending | AA5: Vendor Manager | AB5: Vendor Contact | AC5: GRC / Security / Business Owner | AD5: Pending | AE5: Investigate if incident occurs | AG5: Pending | AI5: Capture lessons learned after closure | AJ5: VND-004-RISK | AK5: No | AL5: Simulated incident placeholder.
A6: INC-0005 | B6: VND-005 | C6: PayMatrix Solutions | D6: CTR-005 | E6: Standard | F6: Medium | J6: Not Reported | K6: Security | L6: None | M6: Open | N6: To Be Assessed | O6: To Be Assessed | P6: To Be Assessed | Q6: To Be Assessed | R6: To Be Assessed | S6: To Be Assessed | T6: To Be Assessed | U6: Not Started | V6: Not Started | W6: Pending | X6: Pending | Y6: Pending | AA6: Vendor Manager | AB6: Vendor Contact | AC6: GRC / Security / Business Owner | AD6: Pending | AE6: Investigate if incident occurs | AG6: Pending | AI6: Capture lessons learned after closure | AJ6: VND-005-RISK | AK6: No | AL6: Simulated incident placeholder.
A7: INC-0006 | B7: VND-006 | C7: SalesFlow CRM | D7: CTR-006 | E7: Standard | F7: Medium | J7: Not Reported | K7: Security | L7: None | M7: Open | N7: To Be Assessed | O7: To Be Assessed | P7: To Be Assessed | Q7: To Be Assessed | R7: To Be Assessed | S7: To Be Assessed | T7: To Be Assessed | U7: Not Started | V7: Not Started | W7: Pending | X7: Pending | Y7: Pending | AA7: Vendor Manager | AB7: Vendor Contact | AC7: GRC / Security / Business Owner | AD7: Pending | AE7: Investigate if incident occurs | AG7: Pending | AI7: Capture lessons learned after closure | AJ7: VND-006-RISK | AK7: No | AL7: Simulated incident placeholder.
A8: INC-0007 | B8: VND-007 | C8: NetShield SOC Services | D8: CTR-007 | E8: Enhanced | F8: High | J8: Not Reported | K8: Security | L8: None | M8: Open | N8: To Be Assessed | O8: To Be Assessed | P8: To Be Assessed | Q8: To Be Assessed | R8: To Be Assessed | S8: To Be Assessed | T8: To Be Assessed | U8: Not Started | V8: Not Started | W8: Pending | X8: Pending | Y8: Pending | AA8: Vendor Manager | AB8: Vendor Contact | AC8: GRC / Security / Business Owner | AD8: Pending | AE8: Investigate if incident occurs | AG8: Pending | AI8: Capture lessons learned after closure | AJ8: VND-007-RISK | AK8: No | AL8: Simulated incident placeholder.
A9: INC-0008 | B9: VND-008 | C9: RedFort Security Testing | D9: CTR-008 | E9: Standard | F9: Medium | J9: Not Reported | K9: Security | L9: None | M9: Open | N9: To Be Assessed | O9: To Be Assessed | P9: To Be Assessed | Q9: To Be Assessed | R9: To Be Assessed | S9: To Be Assessed | T9: To Be Assessed | U9: Not Started | V9: Not Started | W9: Pending | X9: Pending | Y9: Pending | AA9: Vendor Manager | AB9: Vendor Contact | AC9: GRC / Security / Business Owner | AD9: Pending | AE9: Investigate if incident occurs | AG9: Pending | AI9: Capture lessons learned after closure | AJ9: VND-008-RISK | AK9: No | AL9: Simulated incident placeholder.
A10: INC-0009 | B10: VND-009 | C10: EndpointGuard Technologies | D10: CTR-009 | E10: Enhanced | F10: High | J10: Not Reported | K10: Security | L10: None | M10: Open | N10: To Be Assessed | O10: To Be Assessed | P10: To Be Assessed | Q10: To Be Assessed | R10: To Be Assessed | S10: To Be Assessed | T10: To Be Assessed | U10: Not Started | V10: Not Started | W10: Pending | X10: Pending | Y10: Pending | AA10: Vendor Manager | AB10: Vendor Contact | AC10: GRC / Security / Business Owner | AD10: Pending | AE10: Investigate if incident occurs | AG10: Pending | AI10: Capture lessons learned after closure | AJ10: VND-009-RISK | AK10: No | AL10: Simulated incident placeholder.
A11: INC-0010 | B11: VND-010 | C11: ConnectNet Communications | D11: CTR-010 | E11: Standard | F11: Medium | J11: Not Reported | K11: Security | L11: None | M11: Open | N11: To Be Assessed | O11: To Be Assessed | P11: To Be Assessed | Q11: To Be Assessed | R11: To Be Assessed | S11: To Be Assessed | T11: To Be Assessed | U11: Not Started | V11: Not Started | W11: Pending | X11: Pending | Y11: Pending | AA11: Vendor Manager | AB11: Vendor Contact | AC11: GRC / Security / Business Owner | AD11: Pending | AE11: Investigate if incident occurs | AG11: Pending | AI11: Capture lessons learned after closure | AJ11: VND-010-RISK | AK11: No | AL11: Simulated incident placeholder.
A12: INC-0011 | B12: VND-011 | C12: DataCenterOne | D12: CTR-011 | E12: Enhanced | F12: High | J12: Not Reported | K12: Security | L12: None | M12: Open | N12: To Be Assessed | O12: To Be Assessed | P12: To Be Assessed | Q12: To Be Assessed | R12: To Be Assessed | S12: To Be Assessed | T12: To Be Assessed | U12: Not Started | V12: Not Started | W12: Pending | X12: Pending | Y12: Pending | AA12: Vendor Manager | AB12: Vendor Contact | AC12: GRC / Security / Business Owner | AD12: Pending | AE12: Investigate if incident occurs | AG12: Pending | AI12: Capture lessons learned after closure | AJ12: VND-011-RISK | AK12: No | AL12: Simulated incident placeholder.
A13: INC-0012 | B13: VND-012 | C13: RecruitPro Services | D13: CTR-012 | E13: Standard | F13: Medium | J13: Not Reported | K13: Security | L13: None | M13: Open | N13: To Be Assessed | O13: To Be Assessed | P13: To Be Assessed | Q13: To Be Assessed | R13: To Be Assessed | S13: To Be Assessed | T13: To Be Assessed | U13: Not Started | V13: Not Started | W13: Pending | X13: Pending | Y13: Pending | AA13: Vendor Manager | AB13: Vendor Contact | AC13: GRC / Security / Business Owner | AD13: Pending | AE13: Investigate if incident occurs | AG13: Pending | AI13: Capture lessons learned after closure | AJ13: VND-012-RISK | AK13: No | AL13: Simulated incident placeholder.
... A31: INC-0030 | B31: VND-030 | C31: SecureCourier Logistics | D31: CTR-030 | E31: Basic | F31: Low | J31: Not Reported | K31: Security | L31: None | M31: Open | N31: To Be Assessed | O31: To Be Assessed | P31: To Be Assessed | Q31: To Be Assessed | R31: To Be Assessed | S31: To Be Assessed | T31: To Be Assessed | U31: Not Started | V31: Not Started | W31: Pending | X31: Pending | Y31: Pending | AA31: Vendor Manager | AB31: Vendor Contact | AC31: GRC / Security / Business Owner | AD31: Pending | AE31: Investigate if incident occurs | AG31: Pending | AI31: Capture lessons learned after closure | AJ31: VND-030-RISK | AK31: No | AL31: Simulated incident placeholder.

Sheet Incident Assessment
A1: Assessment ID | B1: Incident ID | C1: Vendor ID | D1: Vendor Name | E1: Severity | F1: Likelihood | G1: Impact | H1: Risk Score | I1: Risk Rating | J1: C/I/A Assessment | K1: Personal Data Involved | L1: Regulatory Impact | M1: Customer Impact | N1: Financial Impact | O1: Business Criticality | P1: Escalation Level | Q1: Assessment Rationale | R1: Assessor | S1: Assessment Date
A2: IA-0001 | B2: INC-0001 | C2: VND-001 | D2: CloudSphere Infrastructure | E2: None | F2: 3 | G2: 3 | H2: =F2*G2 -> 9 | I2: =IF(H2>=17,"Critical",IF(H2>=10,"High",IF(H2>=5,"Medium","Low"))) -> Medium | J2: To Be Assessed | K2: Pending | L2: Pending | M2: Pending | N2: Pending | O2: To Be Assessed | P2: Standard | Q2: Initial assessment placeholder; update after triage. | R2: GRC Analyst
A3: IA-0002 | B3: INC-0002 | C3: VND-002 | D3: Microsoft 365 Services | E3: None | F3: 3 | G3: 3 | H3: =F3*G3 -> 9 | I3: =IF(H3>=17,"Critical",IF(H3>=10,"High",IF(H3>=5,"Medium","Low"))) -> Medium | J3: To Be Assessed | K3: Pending | L3: Pending | M3: Pending | N3: Pending | O3: To Be Assessed | P3: Standard | Q3: Initial assessment placeholder; update after triage. | R3: GRC Analyst
A4: IA-0003 | B4: INC-0003 | C4: VND-003 | D4: SecureVault Backup | E4: None | F4: 3 | G4: 3 | H4: =F4*G4 -> 9 | I4: =IF(H4>=17,"Critical",IF(H4>=10,"High",IF(H4>=5,"Medium","Low"))) -> Medium | J4: To Be Assessed | K4: Pending | L4: Pending | M4: Pending | N4: Pending | O4: To Be Assessed | P4: Standard | Q4: Initial assessment placeholder; update after triage. | R4: GRC Analyst
A5: IA-0004 | B5: INC-0004 | C5: VND-004 | D5: TalentCore HRMS | E5: None | F5: 3 | G5: 3 | H5: =F5*G5 -> 9 | I5: =IF(H5>=17,"Critical",IF(H5>=10,"High",IF(H5>=5,"Medium","Low"))) -> Medium | J5: To Be Assessed | K5: Pending | L5: Pending | M5: Pending | N5: Pending | O5: To Be Assessed | P5: Standard | Q5: Initial assessment placeholder; update after triage. | R5: GRC Analyst
A6: IA-0005 | B6: INC-0005 | C6: VND-005 | D6: PayMatrix Solutions | E6: None | F6: 3 | G6: 3 | H6: =F6*G6 -> 9 | I6: =IF(H6>=17,"Critical",IF(H6>=10,"High",IF(H6>=5,"Medium","Low"))) -> Medium | J6: To Be Assessed | K6: Pending | L6: Pending | M6: Pending | N6: Pending | O6: To Be Assessed | P6: Standard | Q6: Initial assessment placeholder; update after triage. | R6: GRC Analyst
A7: IA-0006 | B7: INC-0006 | C7: VND-006 | D7: SalesFlow CRM | E7: None | F7: 3 | G7: 3 | H7: =F7*G7 -> 9 | I7: =IF(H7>=17,"Critical",IF(H7>=10,"High",IF(H7>=5,"Medium","Low"))) -> Medium | J7: To Be Assessed | K7: Pending | L7: Pending | M7: Pending | N7: Pending | O7: To Be Assessed | P7: Standard | Q7: Initial assessment placeholder; update after triage. | R7: GRC Analyst
A8: IA-0007 | B8: INC-0007 | C8: VND-007 | D8: NetShield SOC Services | E8: None | F8: 3 | G8: 3 | H8: =F8*G8 -> 9 | I8: =IF(H8>=17,"Critical",IF(H8>=10,"High",IF(H8>=5,"Medium","Low"))) -> Medium | J8: To Be Assessed | K8: Pending | L8: Pending | M8: Pending | N8: Pending | O8: To Be Assessed | P8: Standard | Q8: Initial assessment placeholder; update after triage. | R8: GRC Analyst
A9: IA-0008 | B9: INC-0008 | C9: VND-008 | D9: RedFort Security Testing | E9: None | F9: 3 | G9: 3 | H9: =F9*G9 -> 9 | I9: =IF(H9>=17,"Critical",IF(H9>=10,"High",IF(H9>=5,"Medium","Low"))) -> Medium | J9: To Be Assessed | K9: Pending | L9: Pending | M9: Pending | N9: Pending | O9: To Be Assessed | P9: Standard | Q9: Initial assessment placeholder; update after triage. | R9: GRC Analyst
A10: IA-0009 | B10: INC-0009 | C10: VND-009 | D10: EndpointGuard Technologies | E10: None | F10: 3 | G10: 3 | H10: =F10*G10 -> 9 | I10: =IF(H10>=17,"Critical",IF(H10>=10,"High",IF(H10>=5,"Medium","Low"))) -> Medium | J10: To Be Assessed | K10: Pending | L10: Pending | M10: Pending | N10: Pending | O10: To Be Assessed | P10: Standard | Q10: Initial assessment placeholder; update after triage. | R10: GRC Analyst
A11: IA-0010 | B11: INC-0010 | C11: VND-010 | D11: ConnectNet Communications | E11: None | F11: 3 | G11: 3 | H11: =F11*G11 -> 9 | I11: =IF(H11>=17,"Critical",IF(H11>=10,"High",IF(H11>=5,"Medium","Low"))) -> Medium | J11: To Be Assessed | K11: Pending | L11: Pending | M11: Pending | N11: Pending | O11: To Be Assessed | P11: Standard | Q11: Initial assessment placeholder; update after triage. | R11: GRC Analyst
A12: IA-0011 | B12: INC-0011 | C12: VND-011 | D12: DataCenterOne | E12: None | F12: 3 | G12: 3 | H12: =F12*G12 -> 9 | I12: =IF(H12>=17,"Critical",IF(H12>=10,"High",IF(H12>=5,"Medium","Low"))) -> Medium | J12: To Be Assessed | K12: Pending | L12: Pending | M12: Pending | N12: Pending | O12: To Be Assessed | P12: Standard | Q12: Initial assessment placeholder; update after triage. | R12: GRC Analyst
A13: IA-0012 | B13: INC-0012 | C13: VND-012 | D13: RecruitPro Services | E13: None | F13: 3 | G13: 3 | H13: =F13*G13 -> 9 | I13: =IF(H13>=17,"Critical",IF(H13>=10,"High",IF(H13>=5,"Medium","Low"))) -> Medium | J13: To Be Assessed | K13: Pending | L13: Pending | M13: Pending | N13: Pending | O13: To Be Assessed | P13: Standard | Q13: Initial assessment placeholder; update after triage. | R13: GRC Analyst
... A31: IA-0030 | B31: INC-0030 | C31: VND-030 | D31: SecureCourier Logistics | E31: None | F31: 3 | G31: 3 | H31: =F31*G31 -> 9 | I31: =IF(H31>=17,"Critical",IF(H31>=10,"High",IF(H31>=5,"Medium","Low"))) -> Medium | J31: To Be Assessed | K31: Pending | L31: Pending | M31: Pending | N31: Pending | O31: To Be Assessed | P31: Standard | Q31: Initial assessment placeholder; update after triage. | R31: GRC Analyst

Sheet Notification Log
A1: Notification ID | B1: Incident ID | C1: Vendor ID | D1: Vendor Name | E1: Notification Type | F1: Recipient / Authority | G1: Trigger | H1: Required | I1: Due Date | J1: Sent Date | K1: Status | L1: Notification Reference | M1: Approved By | N1: Comments
A2: NOT-0001 | B2: INC-0001 | C2: VND-001 | D2: CloudSphere Infrastructure | E2: Internal Management | F2: To Be Determined | G2: Incident assessment | H2: Pending | K2: Pending | M2: GRC Manager | N2: Simulated notification record
A3: NOT-0002 | B3: INC-0001 | C3: VND-001 | D3: CloudSphere Infrastructure | E3: Customer | F3: To Be Determined | G3: Incident assessment | H3: Pending | K3: Pending | M3: GRC Manager | N3: Simulated notification record
A4: NOT-0003 | B4: INC-0001 | C4: VND-001 | D4: CloudSphere Infrastructure | E4: Contractual | F4: To Be Determined | G4: Incident assessment | H4: Pending | K4: Pending | M4: GRC Manager | N4: Simulated notification record
A5: NOT-0004 | B5: INC-0001 | C5: VND-001 | D5: CloudSphere Infrastructure | E5: Regulatory | F5: To Be Determined | G5: Incident assessment | H5: Pending | K5: Pending | M5: GRC Manager | N5: Simulated notification record
A6: NOT-0005 | B6: INC-0001 | C6: VND-001 | D6: CloudSphere Infrastructure | E6: Data Protection Authority | F6: To Be Determined | G6: Incident assessment | H6: Pending | K6: Pending | M6: GRC Manager | N6: Simulated notification record
A7: NOT-0006 | B7: INC-0001 | C7: VND-001 | D7: CloudSphere Infrastructure | E7: Law Enforcement (if applicable) | F7: To Be Determined | G7: Incident assessment | H7: Pending | K7: Pending | M7: GRC Manager | N7: Simulated notification record
A8: NOT-0007 | B8: INC-0002 | C8: VND-002 | D8: Microsoft 365 Services | E8: Internal Management | F8: To Be Determined | G8: Incident assessment | H8: Pending | K8: Pending | M8: GRC Manager | N8: Simulated notification record
A9: NOT-0008 | B9: INC-0002 | C9: VND-002 | D9: Microsoft 365 Services | E9: Customer | F9: To Be Determined | G9: Incident assessment | H9: Pending | K9: Pending | M9: GRC Manager | N9: Simulated notification record
A10: NOT-0009 | B10: INC-0002 | C10: VND-002 | D10: Microsoft 365 Services | E10: Contractual | F10: To Be Determined | G10: Incident assessment | H10: Pending | K10: Pending | M10: GRC Manager | N10: Simulated notification record
A11: NOT-0010 | B11: INC-0002 | C11: VND-002 | D11: Microsoft 365 Services | E11: Regulatory | F11: To Be Determined | G11: Incident assessment | H11: Pending | K11: Pending | M11: GRC Manager | N11: Simulated notification record
A12: NOT-0011 | B12: INC-0002 | C12: VND-002 | D12: Microsoft 365 Services | E12: Data Protection Authority | F12: To Be Determined | G12: Incident assessment | H12: Pending | K12: Pending | M12: GRC Manager | N12: Simulated notification record
A13: NOT-0012 | B13: INC-0002 | C13: VND-002 | D13: Microsoft 365 Services | E13: Law Enforcement (if applicable) | F13: To Be Determined | G13: Incident assessment | H13: Pending | K13: Pending | M13: GRC Manager | N13: Simulated notification record
... A181: NOT-0180 | B181: INC-0030 | C181: VND-030 | D181: SecureCourier Logistics | E181: Law Enforcement (if applicable) | F181: To Be Determined | G181: Incident assessment | H181: Pending | K181: Pending | M181: GRC Manager | N181: Simulated notification record

Sheet Corrective Action Tracker
A1: Action ID | B1: Incident ID | C1: Vendor ID | D1: Vendor Name | E1: Severity | F1: Corrective Action | G1: Action Owner | H1: Target Date | I1: Status | J1: Root Cause Addressed | K1: Verification Evidence | L1: Verification Status | M1: Closure Date | N1: Risk Treatment Link | O1: Comments
A2: ACT-INC-001 | B2: INC-0001 | C2: VND-001 | D2: CloudSphere Infrastructure | E2: None | F2: To be defined after incident investigation. | G2: Vendor Manager | I2: Open | J2: Pending | K2: Attach evidence after remediation. | L2: Pending | O2: Simulated action placeholder
A3: ACT-INC-002 | B3: INC-0002 | C3: VND-002 | D3: Microsoft 365 Services | E3: None | F3: To be defined after incident investigation. | G3: Vendor Manager | I3: Open | J3: Pending | K3: Attach evidence after remediation. | L3: Pending | O3: Simulated action placeholder
A4: ACT-INC-003 | B4: INC-0003 | C4: VND-003 | D4: SecureVault Backup | E4: None | F4: To be defined after incident investigation. | G4: Vendor Manager | I4: Open | J4: Pending | K4: Attach evidence after remediation. | L4: Pending | O4: Simulated action placeholder
A5: ACT-INC-004 | B5: INC-0004 | C5: VND-004 | D5: TalentCore HRMS | E5: None | F5: To be defined after incident investigation. | G5: Vendor Manager | I5: Open | J5: Pending | K5: Attach evidence after remediation. | L5: Pending | O5: Simulated action placeholder
A6: ACT-INC-005 | B6: INC-0005 | C6: VND-005 | D6: PayMatrix Solutions | E6: None | F6: To be defined after incident investigation. | G6: Vendor Manager | I6: Open | J6: Pending | K6: Attach evidence after remediation. | L6: Pending | O6: Simulated action placeholder
A7: ACT-INC-006 | B7: INC-0006 | C7: VND-006 | D7: SalesFlow CRM | E7: None | F7: To be defined after incident investigation. | G7: Vendor Manager | I7: Open | J7: Pending | K7: Attach evidence after remediation. | L7: Pending | O7: Simulated action placeholder
A8: ACT-INC-007 | B8: INC-0007 | C8: VND-007 | D8: NetShield SOC Services | E8: None | F8: To be defined after incident investigation. | G8: Vendor Manager | I8: Open | J8: Pending | K8: Attach evidence after remediation. | L8: Pending | O8: Simulated action placeholder
A9: ACT-INC-008 | B9: INC-0008 | C9: VND-008 | D9: RedFort Security Testing | E9: None | F9: To be defined after incident investigation. | G9: Vendor Manager | I9: Open | J9: Pending | K9: Attach evidence after remediation. | L9: Pending | O9: Simulated action placeholder
A10: ACT-INC-009 | B10: INC-0009 | C10: VND-009 | D10: EndpointGuard Technologies | E10: None | F10: To be defined after incident investigation. | G10: Vendor Manager | I10: Open | J10: Pending | K10: Attach evidence after remediation. | L10: Pending | O10: Simulated action placeholder
A11: ACT-INC-010 | B11: INC-0010 | C11: VND-010 | D11: ConnectNet Communications | E11: None | F11: To be defined after incident investigation. | G11: Vendor Manager | I11: Open | J11: Pending | K11: Attach evidence after remediation. | L11: Pending | O11: Simulated action placeholder
A12: ACT-INC-011 | B12: INC-0011 | C12: VND-011 | D12: DataCenterOne | E12: None | F12: To be defined after incident investigation. | G12: Vendor Manager | I12: Open | J12: Pending | K12: Attach evidence after remediation. | L12: Pending | O12: Simulated action placeholder
A13: ACT-INC-012 | B13: INC-0012 | C13: VND-012 | D13: RecruitPro Services | E13: None | F13: To be defined after incident investigation. | G13: Vendor Manager | I13: Open | J13: Pending | K13: Attach evidence after remediation. | L13: Pending | O13: Simulated action placeholder
... A31: ACT-INC-030 | B31: INC-0030 | C31: VND-030 | D31: SecureCourier Logistics | E31: None | F31: To be defined after incident investigation. | G31: Vendor Manager | I31: Open | J31: Pending | K31: Attach evidence after remediation. | L31: Pending | O31: Simulated action placeholder

Sheet Executive Summary
A1: Metric | B1: Value | C1: Management Interpretation | E1: Severity | F1: Count
A2: Vendor Population | B2: 30 | C2: Vendors in current incident management scope | E2: None | F2: =COUNTIF('Incident Register'!L:L,E2) -> 30
A3: Incident Records | B3: 30 | C3: One monitoring placeholder per vendor | E3: Low | F3: =COUNTIF('Incident Register'!L:L,E3) -> 0
A4: Critical Incidents | B4: =COUNTIF('Incident Register'!L:L,"Critical") -> 0 | C4: Immediate management escalation | E4: Medium | F4: =COUNTIF('Incident Register'!L:L,E4) -> 0
A5: High Incidents | B5: =COUNTIF('Incident Register'!L:L,"High") -> 0 | C5: Priority investigation and treatment | E5: High | F5: =COUNTIF('Incident Register'!L:L,E5) -> 0
A6: Open Incidents | B6: =COUNTIF('Incident Register'!M:M,"Open") -> 30 | C6: Current incident backlog | E6: Critical | F6: =COUNTIF('Incident Register'!L:L,E6) -> 0
A7: Security/Data Breach Records | B7: =COUNTIF('Incident Register'!J:J,"Data Breach")+COUNTIF('Incident Register'!J:J,"Security Incident") -> 0 | C7: Requires security response and notification assessment
A8: Notification Records | B8: 180 | C8: Notification tracking population
A9: Corrective Action Records | B9: 30 | C9: Initial remediation tracking population
A10: Management Escalations | B10: =COUNTIF('Incident Register'!AK:AK,"Yes") -> 0 | C10: Escalated incident population

Sheet Incident Trend Log
A1: Period | B1: Total Incidents | C1: Security Incidents | D1: Data Breaches | E1: Privacy Incidents | F1: Service Outages | G1: SLA Breaches | H1: High/Critical | I1: Open | J1: Closed | K1: Trend / Management Comment
A2: 2026-08 | B2: 0 | C2: 0 | D2: 0 | E2: 0 | F2: 0 | G2: 0 | H2: 0 | I2: 0 | J2: 0 | K2: Update monthly using Incident Register and management review.
A3: 2026-09 | B3: 0 | C3: 0 | D3: 0 | E3: 0 | F3: 0 | G3: 0 | H3: 0 | I3: 0 | J3: 0 | K3: Update monthly using Incident Register and management review.
A4: 2026-10 | B4: 0 | C4: 0 | D4: 0 | E4: 0 | F4: 0 | G4: 0 | H4: 0 | I4: 0 | J4: 0 | K4: Update monthly using Incident Register and management review.
A5: 2026-11 | B5: 0 | C5: 0 | D5: 0 | E5: 0 | F5: 0 | G5: 0 | H5: 0 | I5: 0 | J5: 0 | K5: Update monthly using Incident Register and management review.
A6: 2026-12 | B6: 0 | C6: 0 | D6: 0 | E6: 0 | F6: 0 | G6: 0 | H6: 0 | I6: 0 | J6: 0 | K6: Update monthly using Incident Register and management review.
A7: 2027-01 | B7: 0 | C7: 0 | D7: 0 | E7: 0 | F7: 0 | G7: 0 | H7: 0 | I7: 0 | J7: 0 | K7: Update monthly using Incident Register and management review.
A8: 2027-02 | B8: 0 | C8: 0 | D8: 0 | E8: 0 | F8: 0 | G8: 0 | H8: 0 | I8: 0 | J8: 0 | K8: Update monthly using Incident Register and management review.
A9: 2027-03 | B9: 0 | C9: 0 | D9: 0 | E9: 0 | F9: 0 | G9: 0 | H9: 0 | I9: 0 | J9: 0 | K9: Update monthly using Incident Register and management review.
A10: 2027-04 | B10: 0 | C10: 0 | D10: 0 | E10: 0 | F10: 0 | G10: 0 | H10: 0 | I10: 0 | J10: 0 | K10: Update monthly using Incident Register and management review.
A11: 2027-05 | B11: 0 | C11: 0 | D11: 0 | E11: 0 | F11: 0 | G11: 0 | H11: 0 | I11: 0 | J11: 0 | K11: Update monthly using Incident Register and management review.
A12: 2027-06 | B12: 0 | C12: 0 | D12: 0 | E12: 0 | F12: 0 | G12: 0 | H12: 0 | I12: 0 | J12: 0 | K12: Update monthly using Incident Register and management review.
A13: 2027-07 | B13: 0 | C13: 0 | D13: 0 | E13: 0 | F13: 0 | G13: 0 | H13: 0 | I13: 0 | J13: 0 | K13: Update monthly using Incident Register and management review.

Sheet Incident Methodology
A1: Area | B1: Guidance | C1: Rule
A2: Triage | B2: Quickly determine incident type, scope, severity and response needs | C2: Record initial facts and update as investigation progresses
A3: Severity | B3: Assess confidentiality, integrity, availability, privacy, customer, financial and regulatory impact | C3: Use defined severity/risk model
A4: Containment | B4: Limit ongoing harm or exposure | C4: Document containment action and owner
A5: Notification | B5: Determine internal, customer, contractual and regulatory notification obligations | C5: Record trigger, due date, approval and evidence
A6: Investigation | B6: Determine root cause and contributing factors | C6: Maintain evidence and investigation trail
A7: Remediation | B7: Correct control/service weakness | C7: Track action to verified closure
A8: Lessons Learned | B8: Identify systemic improvements | C8: Feed outcomes into TPRM risk, controls and vendor oversight
A9: Escalation | B9: Escalate material/repeated incidents | C9: Link to risk register and management governance

Sheet Data Dictionary
A1: Field | B1: Purpose
A2: Incident ID | B2: Field used to record, assess, notify, investigate, remediate, escalate and close third-party incidents/breaches.
A3: Vendor ID | B3: Field used to record, assess, notify, investigate, remediate, escalate and close third-party incidents/breaches.
A4: Vendor Name | B4: Field used to record, assess, notify, investigate, remediate, escalate and close third-party incidents/breaches.
A5: Contract ID | B5: Field used to record, assess, notify, investigate, remediate, escalate and close third-party incidents/breaches.
A6: TPRM Tier | B6: Field used to record, assess, notify, investigate, remediate, escalate and close third-party incidents/breaches.
A7: Risk Rating | B7: Field used to record, assess, notify, investigate, remediate, escalate and close third-party incidents/breaches.
A8: Incident Date | B8: Field used to record, assess, notify, investigate, remediate, escalate and close third-party incidents/breaches.
A9: Detected Date | B9: Field used to record, assess, notify, investigate, remediate, escalate and close third-party incidents/breaches.
A10: Reported Date | B10: Field used to record, assess, notify, investigate, remediate, escalate and close third-party incidents/breaches.
A11: Incident Type | B11: Field used to record, assess, notify, investigate, remediate, escalate and close third-party incidents/breaches.
A12: Security Domain | B12: Field used to record, assess, notify, investigate, remediate, escalate and close third-party incidents/breaches.
... A39: Comments | B39: Field used to record, assess, notify, investigate, remediate, escalate and close third-party incidents/breaches.
