Workbook

Sheet README
A1: TPRM-007 | VENDOR RISK ASSESSMENT REGISTER | B1: Mayekar Technologies Pvt. Ltd.
A2: Document ID | B2: MTPL-TPRM-007
A3: Version | B3: 1.0
A4: Prepared By | B4: Omkar Abhay Mayekar
A5: Reviewed By | B5: GRC Manager — Simulated
A6: Approved By | B6: Management — Simulated
A7: Status | B7: Portfolio / Simulated Evidence
A8: Purpose | B8: Central register for assessing inherent and residual third-party risk using consistent likelihood, impact, control effectiveness and risk-rating criteria.
A9: Scope | B9: Vendor business criticality, data sensitivity, access, security, privacy, compliance, operational resilience, concentration and other third-party risk factors.
A10: Risk Model | B10: Inherent Risk Score = Likelihood × Impact. Residual Risk Score = Inherent Risk Score adjusted for Control Effectiveness.
A11: Rating Bands | B11: 1–4 Low | 5–9 Medium | 10–16 High | 17–25 Critical.
A12: Important | B12: This is a simulated portfolio assessment. Vendor records and scores must not be represented as real audit evidence.

Sheet Document Control
A1: Field | B1: Value
A2: Document Title | B2: Vendor Risk Assessment Register
A3: Document ID | B3: MTPL-TPRM-007
A4: Version | B4: 1.0
A5: Organization | B5: Mayekar Technologies Pvt. Ltd.
A6: Prepared By | B6: Omkar Abhay Mayekar
A7: Reviewed By | B7: GRC Manager — Simulated
A8: Approved By | B8: Management — Simulated
A9: Effective Date | B9: 2026-08-01
A10: Review Cycle | B10: Annual / Event Driven / Material Change
A11: Classification | B11: Internal / Confidential
A12: Status | B12: Portfolio / Simulated Evidence

Sheet Risk Assessment Register
A1: Assessment ID | B1: Vendor ID | C1: Vendor Name | D1: Vendor Tier | E1: Business Owner | F1: Vendor Owner | G1: Service / Product | H1: Criticality | I1: Data Sensitivity | J1: Data Types | K1: System / Network Access | L1: Privileged Access | M1: Regulatory / Compliance Impact | N1: Business Dependency | O1: Geographic Exposure | P1: Subprocessor Dependency | Q1: Concentration Risk | R1: Threat Level | S1: Vulnerability Level | T1: Impact Score | U1: Likelihood Score | V1: Inherent Risk Score | W1: Inherent Risk Rating | X1: Control Effectiveness | Y1: Residual Risk Score | Z1: Residual Risk Rating | AA1: Risk Treatment | AB1: Target Residual Rating | AC1: Risk Acceptance Required | AD1: Assessment Status | AE1: Assessment Date | AF1: Next Review Date | AG1: Assessor | AH1: Evidence Reference | AI1: Key Risk Factors | AJ1: Risk Decision / Rationale | AK1: Comments
A2: VRA-001 | B2: VND-001 | C2: CloudSphere Technologies | D2: Tier 1 | E2: IT Director | F2: Vendor Manager | G2: Cloud Infrastructure | H2: Critical | I2: High | J2: Customer / Business Data | K2: Application / API | L2: No | M2: To Be Assessed | N2: High | O2: India / Global | P2: No | Q2: Low | R2: Medium | S2: Medium | T2: 5 | U2: 2 | V2: 10 | W2: =IF(V2<=4,"Low",IF(V2<=9,"Medium",IF(V2<=16,"High","Critical"))) -> High | X2: 80 | Y2: 2 | Z2: =IF(Y2<=4,"Low",IF(Y2<=9,"Medium",IF(Y2<=16,"High","Critical"))) -> Low | AA2: Mitigate | AB2: Medium | AC2: No | AD2: Assessed | AE2: 2026-08-25 | AF2: 2026-11-25 | AG2: GRC Analyst | AH2: VND-001-SEC-001 | AI2: Service criticality, data exposure, access, dependency and control effectiveness. | AJ2: Continue treatment and monitor residual risk. | AK2: Simulated portfolio assessment.
A3: VRA-002 | B3: VND-002 | C3: SecurePay Solutions | D3: Tier 1 | E3: Finance Director | F3: Vendor Manager | G3: Payment Processing | H3: Critical | I3: High | J3: Customer / Business Data | K3: Application / API | L3: No | M3: To Be Assessed | N3: High | O3: India / Global | P3: No | Q3: Low | R3: Medium | S3: Medium | T3: 5 | U3: 3 | V3: 15 | W3: =IF(V3<=4,"Low",IF(V3<=9,"Medium",IF(V3<=16,"High","Critical"))) -> High | X3: 80 | Y3: 3 | Z3: =IF(Y3<=4,"Low",IF(Y3<=9,"Medium",IF(Y3<=16,"High","Critical"))) -> Low | AA3: Mitigate | AB3: Medium | AC3: No | AD3: Assessed | AE3: 2026-08-25 | AF3: 2026-11-25 | AG3: GRC Analyst | AH3: VND-002-SEC-001 | AI3: Service criticality, data exposure, access, dependency and control effectiveness. | AJ3: Continue treatment and monitor residual risk. | AK3: Simulated portfolio assessment.
A4: VRA-003 | B4: VND-003 | C4: DataBridge Analytics | D4: Tier 2 | E4: Business Owner | F4: Vendor Manager | G4: Analytics Service | H4: High | I4: High | J4: Customer / Business Data | K4: Application / API | L4: No | M4: To Be Assessed | N4: Medium | O4: India / Global | P4: No | Q4: Low | R4: Medium | S4: Medium | T4: 4 | U4: 2 | V4: 8 | W4: =IF(V4<=4,"Low",IF(V4<=9,"Medium",IF(V4<=16,"High","Critical"))) -> Medium | X4: 80 | Y4: 2 | Z4: =IF(Y4<=4,"Low",IF(Y4<=9,"Medium",IF(Y4<=16,"High","Critical"))) -> Low | AA4: Mitigate | AB4: Medium | AC4: No | AD4: Assessed | AE4: 2026-08-25 | AF4: 2026-11-25 | AG4: GRC Analyst | AH4: VND-003-SEC-001 | AI4: Service criticality, data exposure, access, dependency and control effectiveness. | AJ4: Continue treatment and monitor residual risk. | AK4: Simulated portfolio assessment.
A5: VRA-004 | B5: VND-004 | C5: HelpDeskPro Services | D5: Tier 2 | E5: IT Director | F5: Vendor Manager | G5: Managed Support | H5: High | I5: High | J5: Customer / Business Data | K5: Application / API | L5: No | M5: To Be Assessed | N5: Medium | O5: India / Global | P5: No | Q5: Low | R5: Medium | S5: Medium | T5: 4 | U5: 4 | V5: 16 | W5: =IF(V5<=4,"Low",IF(V5<=9,"Medium",IF(V5<=16,"High","Critical"))) -> High | X5: 80 | Y5: 3 | Z5: =IF(Y5<=4,"Low",IF(Y5<=9,"Medium",IF(Y5<=16,"High","Critical"))) -> Low | AA5: Mitigate | AB5: Medium | AC5: No | AD5: Assessed | AE5: 2026-08-25 | AF5: 2026-11-25 | AG5: GRC Analyst | AH5: VND-004-SEC-001 | AI5: Service criticality, data exposure, access, dependency and control effectiveness. | AJ5: Continue treatment and monitor residual risk. | AK5: Simulated portfolio assessment.
A6: VRA-005 | B6: VND-005 | C6: PeopleCore HR | D6: Tier 2 | E6: HR Director | F6: Vendor Manager | G6: HR SaaS | H6: High | I6: High | J6: Customer / Business Data | K6: Application / API | L6: No | M6: To Be Assessed | N6: Medium | O6: India / Global | P6: No | Q6: Medium | R6: Medium | S6: Medium | T6: 4 | U6: 2 | V6: 8 | W6: =IF(V6<=4,"Low",IF(V6<=9,"Medium",IF(V6<=16,"High","Critical"))) -> Medium | X6: 80 | Y6: 2 | Z6: =IF(Y6<=4,"Low",IF(Y6<=9,"Medium",IF(Y6<=16,"High","Critical"))) -> Low | AA6: Mitigate | AB6: Medium | AC6: No | AD6: Assessed | AE6: 2026-08-25 | AF6: 2026-11-25 | AG6: GRC Analyst | AH6: VND-005-SEC-001 | AI6: Service criticality, data exposure, access, dependency and control effectiveness. | AJ6: Continue treatment and monitor residual risk. | AK6: Simulated portfolio assessment.
A7: VRA-006 | B7: VND-006 | C7: NetSecure Managed Services | D7: Tier 1 | E7: CISO | F7: Vendor Manager | G7: Security Monitoring | H7: Critical | I7: High | J7: Customer / Business Data | K7: Application / API | L7: No | M7: To Be Assessed | N7: High | O7: India / Global | P7: No | Q7: Low | R7: Medium | S7: Medium | T7: 5 | U7: 3 | V7: 15 | W7: =IF(V7<=4,"Low",IF(V7<=9,"Medium",IF(V7<=16,"High","Critical"))) -> High | X7: 60 | Y7: 6 | Z7: =IF(Y7<=4,"Low",IF(Y7<=9,"Medium",IF(Y7<=16,"High","Critical"))) -> Medium | AA7: Mitigate | AB7: Medium | AC7: No | AD7: Assessed | AE7: 2026-08-25 | AF7: 2026-11-25 | AG7: GRC Analyst | AH7: VND-006-SEC-001 | AI7: Service criticality, data exposure, access, dependency and control effectiveness. | AJ7: Continue treatment and monitor residual risk. | AK7: Simulated portfolio assessment.
A8: VRA-007 | B8: VND-007 | C8: OfficeFlow Solutions | D8: Tier 3 | E8: Operations | F8: Vendor Manager | G8: Business Application | H8: Medium | I8: Medium | J8: Customer / Business Data | K8: Application / API | L8: No | M8: To Be Assessed | N8: Low | O8: India / Global | P8: No | Q8: Low | R8: Medium | S8: Medium | T8: 3 | U8: 5 | V8: 15 | W8: =IF(V8<=4,"Low",IF(V8<=9,"Medium",IF(V8<=16,"High","Critical"))) -> High | X8: 80 | Y8: 3 | Z8: =IF(Y8<=4,"Low",IF(Y8<=9,"Medium",IF(Y8<=16,"High","Critical"))) -> Low | AA8: Mitigate | AB8: Medium | AC8: No | AD8: Assessed | AE8: 2026-08-25 | AF8: 2026-11-25 | AG8: GRC Analyst | AH8: VND-007-SEC-001 | AI8: Service criticality, data exposure, access, dependency and control effectiveness. | AJ8: Continue treatment and monitor residual risk. | AK8: Simulated portfolio assessment.
A9: VRA-008 | B9: VND-008 | C9: LogiTrack Systems | D9: Tier 2 | E9: Operations | F9: Vendor Manager | G9: Logistics Platform | H9: High | I9: High | J9: Customer / Business Data | K9: Application / API | L9: No | M9: To Be Assessed | N9: Medium | O9: India / Global | P9: No | Q9: Low | R9: Medium | S9: Medium | T9: 4 | U9: 4 | V9: 16 | W9: =IF(V9<=4,"Low",IF(V9<=9,"Medium",IF(V9<=16,"High","Critical"))) -> High | X9: 80 | Y9: 3 | Z9: =IF(Y9<=4,"Low",IF(Y9<=9,"Medium",IF(Y9<=16,"High","Critical"))) -> Low | AA9: Mitigate | AB9: Medium | AC9: No | AD9: Assessed | AE9: 2026-08-25 | AF9: 2026-11-25 | AG9: GRC Analyst | AH9: VND-008-SEC-001 | AI9: Service criticality, data exposure, access, dependency and control effectiveness. | AJ9: Continue treatment and monitor residual risk. | AK9: Simulated portfolio assessment.
A10: VRA-009 | B10: VND-009 | C10: MarketReach Digital | D10: Tier 3 | E10: Marketing | F10: Vendor Manager | G10: Marketing Platform | H10: Medium | I10: Medium | J10: Customer / Business Data | K10: Application / API | L10: No | M10: To Be Assessed | N10: Low | O10: India / Global | P10: No | Q10: Low | R10: Medium | S10: Medium | T10: 3 | U10: 2 | V10: 6 | W10: =IF(V10<=4,"Low",IF(V10<=9,"Medium",IF(V10<=16,"High","Critical"))) -> Medium | X10: 80 | Y10: 1 | Z10: =IF(Y10<=4,"Low",IF(Y10<=9,"Medium",IF(Y10<=16,"High","Critical"))) -> Low | AA10: Mitigate | AB10: Medium | AC10: No | AD10: Assessed | AE10: 2026-08-25 | AF10: 2026-11-25 | AG10: GRC Analyst | AH10: VND-009-SEC-001 | AI10: Service criticality, data exposure, access, dependency and control effectiveness. | AJ10: Continue treatment and monitor residual risk. | AK10: Simulated portfolio assessment.
A11: VRA-010 | B11: VND-010 | C11: DocuVault Records | D11: Tier 2 | E11: Legal | F11: Vendor Manager | G11: Records Management | H11: High | I11: High | J11: Customer / Business Data | K11: Application / API | L11: No | M11: To Be Assessed | N11: Medium | O11: India / Global | P11: No | Q11: Medium | R11: Medium | S11: Medium | T11: 4 | U11: 3 | V11: 12 | W11: =IF(V11<=4,"Low",IF(V11<=9,"Medium",IF(V11<=16,"High","Critical"))) -> High | X11: 80 | Y11: 2 | Z11: =IF(Y11<=4,"Low",IF(Y11<=9,"Medium",IF(Y11<=16,"High","Critical"))) -> Low | AA11: Mitigate | AB11: Medium | AC11: No | AD11: Assessed | AE11: 2026-08-25 | AF11: 2026-11-25 | AG11: GRC Analyst | AH11: VND-010-SEC-001 | AI11: Service criticality, data exposure, access, dependency and control effectiveness. | AJ11: Continue treatment and monitor residual risk. | AK11: Simulated portfolio assessment.
A12: VRA-011 | B12: VND-011 | C12: Portfolio Vendor 11 | D12: Tier 1 | E12: Business Owner | F12: Vendor Manager | G12: Third-Party Service | H12: Critical | I12: High | J12: Customer / Business Data | K12: Application / API | L12: No | M12: To Be Assessed | N12: High | O12: India / Global | P12: No | Q12: Low | R12: Medium | S12: Medium | T12: 5 | U12: 2 | V12: 10 | W12: =IF(V12<=4,"Low",IF(V12<=9,"Medium",IF(V12<=16,"High","Critical"))) -> High | X12: 80 | Y12: 2 | Z12: =IF(Y12<=4,"Low",IF(Y12<=9,"Medium",IF(Y12<=16,"High","Critical"))) -> Low | AA12: Mitigate | AB12: Medium | AC12: No | AD12: Assessed | AE12: 2026-08-25 | AF12: 2026-11-25 | AG12: GRC Analyst | AH12: VND-011-SEC-001 | AI12: Service criticality, data exposure, access, dependency and control effectiveness. | AJ12: Continue treatment and monitor residual risk. | AK12: Simulated portfolio assessment.
A13: VRA-012 | B13: VND-012 | C13: Portfolio Vendor 12 | D13: Tier 3 | E13: Business Owner | F13: Vendor Manager | G13: Third-Party Service | H13: Medium | I13: Medium | J13: Customer / Business Data | K13: Application / API | L13: No | M13: To Be Assessed | N13: Low | O13: India / Global | P13: No | Q13: Low | R13: Medium | S13: Medium | T13: 3 | U13: 4 | V13: 12 | W13: =IF(V13<=4,"Low",IF(V13<=9,"Medium",IF(V13<=16,"High","Critical"))) -> High | X13: 60 | Y13: 5 | Z13: =IF(Y13<=4,"Low",IF(Y13<=9,"Medium",IF(Y13<=16,"High","Critical"))) -> Medium | AA13: Mitigate | AB13: Medium | AC13: No | AD13: Assessed | AE13: 2026-08-25 | AF13: 2026-11-25 | AG13: GRC Analyst | AH13: VND-012-SEC-001 | AI13: Service criticality, data exposure, access, dependency and control effectiveness. | AJ13: Continue treatment and monitor residual risk. | AK13: Simulated portfolio assessment.
... A31: VRA-030 | B31: VND-030 | C31: Portfolio Vendor 30 | D31: Tier 3 | E31: Business Owner | F31: Vendor Manager | G31: Third-Party Service | H31: Medium | I31: Medium | J31: Customer / Business Data | K31: Application / API | L31: No | M31: To Be Assessed | N31: Low | O31: India / Global | P31: No | Q31: Medium | R31: Medium | S31: Medium | T31: 3 | U31: 3 | V31: 9 | W31: =IF(V31<=4,"Low",IF(V31<=9,"Medium",IF(V31<=16,"High","Critical"))) -> Medium | X31: 60 | Y31: 4 | Z31: =IF(Y31<=4,"Low",IF(Y31<=9,"Medium",IF(Y31<=16,"High","Critical"))) -> Low | AA31: Mitigate | AB31: Medium | AC31: No | AD31: Assessed | AE31: 2026-08-25 | AF31: 2026-11-25 | AG31: GRC Analyst | AH31: VND-030-SEC-001 | AI31: Service criticality, data exposure, access, dependency and control effectiveness. | AJ31: Continue treatment and monitor residual risk. | AK31: Simulated portfolio assessment.

Sheet Risk Scoring Methodology
A1: Element | B1: Definition | C1: Scale / Rule
A2: Likelihood | B2: Probability that the vendor risk event may occur. | C2: 1 Rare | 2 Unlikely | 3 Possible | 4 Likely | 5 Almost Certain
A3: Impact | B3: Business/security impact if the risk materializes. | C3: 1 Insignificant | 2 Minor | 3 Moderate | 4 Major | 5 Severe
A4: Inherent Risk Score | B4: Risk before considering control effectiveness. | C4: Likelihood × Impact
A5: Inherent Rating | B5: Risk band from inherent score. | C5: 1–4 Low | 5–9 Medium | 10–16 High | 17–25 Critical
A6: Control Effectiveness | B6: Overall effectiveness of relevant vendor controls. | C6: 0% None | 20% Weak | 40% Limited | 60% Moderate | 80% Strong | 100% Fully Effective
A7: Residual Risk Score | B7: Remaining risk after considering control effectiveness. | C7: MAX(1, ROUND(Inherent Score × (1 − Control Effectiveness),0))
A8: Residual Rating | B8: Risk band from residual score. | C8: 1–4 Low | 5–9 Medium | 10–16 High | 17–25 Critical
A9: Treatment | B9: Action selected for the residual risk. | C9: Mitigate | Transfer | Avoid | Accept
A10: Acceptance | B10: Formal approval required when residual risk exceeds organizational tolerance. | C10: Document approval, rationale, owner and review date.

Sheet Risk Factor Assessment
A1: Factor ID | B1: Assessment ID | C1: Risk Factor | D1: Question / Assessment Point | E1: Response | F1: Score | G1: Evidence Reference | H1: Assessor Comments
A2: RF-01-001 | B2: VRA-001 | C2: Business Criticality | D2: Would loss of this vendor materially disrupt a critical business process? | E2: Pending | F2: 3 | G2: CloudSphere Technologies-SEC-001 | H2: Simulated factor assessment.
A3: RF-02-001 | B3: VRA-001 | C3: Data Sensitivity | D3: Does the vendor process confidential, personal or sensitive information? | E3: Pending | F3: 3 | G3: CloudSphere Technologies-SEC-001 | H3: Simulated factor assessment.
A4: RF-03-001 | B4: VRA-001 | C4: System Access | D4: Does the vendor have access to production systems, networks or APIs? | E4: Pending | F4: 3 | G4: CloudSphere Technologies-SEC-001 | H4: Simulated factor assessment.
A5: RF-04-001 | B5: VRA-001 | C5: Privileged Access | D5: Does the vendor receive privileged or administrative access? | E5: Pending | F5: 3 | G5: CloudSphere Technologies-SEC-001 | H5: Simulated factor assessment.
A6: RF-05-001 | B6: VRA-001 | C6: Regulatory Exposure | D6: Could vendor failure create material regulatory/compliance impact? | E6: Pending | F6: 3 | G6: CloudSphere Technologies-SEC-001 | H6: Simulated factor assessment.
A7: RF-06-001 | B7: VRA-001 | C7: Business Dependency | D7: Is there limited substitutability or high dependency on this vendor? | E7: Pending | F7: 3 | G7: CloudSphere Technologies-SEC-001 | H7: Simulated factor assessment.
A8: RF-07-001 | B8: VRA-001 | C8: Geographic Exposure | D8: Does the vendor process data or operate across multiple jurisdictions? | E8: Pending | F8: 3 | G8: CloudSphere Technologies-SEC-001 | H8: Simulated factor assessment.
A9: RF-08-001 | B9: VRA-001 | C9: Subprocessor Dependency | D9: Does the vendor rely on material fourth parties/subprocessors? | E9: Pending | F9: 3 | G9: CloudSphere Technologies-SEC-001 | H9: Simulated factor assessment.
A10: RF-09-001 | B10: VRA-001 | C10: Security Assurance | D10: Is current independent security assurance available and satisfactory? | E10: Pending | F10: 3 | G10: CloudSphere Technologies-SEC-001 | H10: Simulated factor assessment.
A11: RF-10-001 | B11: VRA-001 | C11: Incident History | D11: Are there material recent security/privacy incidents or repeated breaches? | E11: Pending | F11: 3 | G11: CloudSphere Technologies-SEC-001 | H11: Simulated factor assessment.
A12: RF-01-002 | B12: VRA-002 | C12: Business Criticality | D12: Would loss of this vendor materially disrupt a critical business process? | E12: Pending | F12: 3 | G12: SecurePay Solutions-SEC-001 | H12: Simulated factor assessment.
A13: RF-02-002 | B13: VRA-002 | C13: Data Sensitivity | D13: Does the vendor process confidential, personal or sensitive information? | E13: Pending | F13: 3 | G13: SecurePay Solutions-SEC-001 | H13: Simulated factor assessment.
... A301: RF-10-030 | B301: VRA-030 | C301: Incident History | D301: Are there material recent security/privacy incidents or repeated breaches? | E301: Pending | F301: 3 | G301: Portfolio Vendor 30-SEC-001 | H301: Simulated factor assessment.

Sheet Risk Treatment Tracker
A1: Treatment ID | B1: Assessment ID | C1: Vendor ID | D1: Vendor Name | E1: Residual Risk | F1: Treatment Decision | G1: Risk Treatment Action | H1: Owner | I1: Target Date | J1: Status | K1: Evidence Required | L1: Evidence Reference | M1: Validation | N1: Closure Date | O1: Comments
A2: RT-001 | B2: VRA-001 | C2: VND-001 | D2: CloudSphere Technologies | E2: High | F2: Mitigate | G2: Implement/validate additional controls and monitor residual risk. | H2: Vendor Owner | I2: 2026-10-31 | J2: Open | K2: Objective treatment evidence | M2: Pending | O2: Simulated treatment record.
A3: RT-002 | B3: VRA-002 | C3: VND-002 | D3: SecurePay Solutions | E3: High | F3: Mitigate | G3: Implement/validate additional controls and monitor residual risk. | H3: Vendor Owner | I3: 2026-10-31 | J3: Open | K3: Objective treatment evidence | M3: Pending | O3: Simulated treatment record.
A4: RT-003 | B4: VRA-003 | C4: VND-003 | D4: DataBridge Analytics | E4: Medium | F4: Mitigate | G4: Implement/validate additional controls and monitor residual risk. | H4: Vendor Owner | I4: 2026-10-31 | J4: Open | K4: Objective treatment evidence | M4: Pending | O4: Simulated treatment record.
A5: RT-004 | B5: VRA-004 | C5: VND-004 | D5: HelpDeskPro Services | E5: Medium | F5: Mitigate | G5: Implement/validate additional controls and monitor residual risk. | H5: Vendor Owner | I5: 2026-10-31 | J5: Open | K5: Objective treatment evidence | M5: Pending | O5: Simulated treatment record.
A6: RT-005 | B6: VRA-005 | C6: VND-005 | D6: PeopleCore HR | E6: Medium | F6: Mitigate | G6: Implement/validate additional controls and monitor residual risk. | H6: Vendor Owner | I6: 2026-10-31 | J6: Open | K6: Objective treatment evidence | M6: Pending | O6: Simulated treatment record.
A7: RT-006 | B7: VRA-006 | C7: VND-006 | D7: NetSecure Managed Services | E7: High | F7: Mitigate | G7: Implement/validate additional controls and monitor residual risk. | H7: Vendor Owner | I7: 2026-10-31 | J7: Open | K7: Objective treatment evidence | M7: Pending | O7: Simulated treatment record.
A8: RT-007 | B8: VRA-007 | C8: VND-007 | D8: OfficeFlow Solutions | E8: Medium | F8: Mitigate | G8: Implement/validate additional controls and monitor residual risk. | H8: Vendor Owner | I8: 2026-10-31 | J8: Open | K8: Objective treatment evidence | M8: Pending | O8: Simulated treatment record.
A9: RT-008 | B9: VRA-008 | C9: VND-008 | D9: LogiTrack Systems | E9: Medium | F9: Mitigate | G9: Implement/validate additional controls and monitor residual risk. | H9: Vendor Owner | I9: 2026-10-31 | J9: Open | K9: Objective treatment evidence | M9: Pending | O9: Simulated treatment record.
A10: RT-009 | B10: VRA-009 | C10: VND-009 | D10: MarketReach Digital | E10: Medium | F10: Mitigate | G10: Implement/validate additional controls and monitor residual risk. | H10: Vendor Owner | I10: 2026-10-31 | J10: Open | K10: Objective treatment evidence | M10: Pending | O10: Simulated treatment record.
A11: RT-010 | B11: VRA-010 | C11: VND-010 | D11: DocuVault Records | E11: Medium | F11: Mitigate | G11: Implement/validate additional controls and monitor residual risk. | H11: Vendor Owner | I11: 2026-10-31 | J11: Open | K11: Objective treatment evidence | M11: Pending | O11: Simulated treatment record.
A12: RT-011 | B12: VRA-011 | C12: VND-011 | D12: Portfolio Vendor 11 | E12: High | F12: Mitigate | G12: Implement/validate additional controls and monitor residual risk. | H12: Vendor Owner | I12: 2026-10-31 | J12: Open | K12: Objective treatment evidence | M12: Pending | O12: Simulated treatment record.
A13: RT-012 | B13: VRA-012 | C13: VND-012 | D13: Portfolio Vendor 12 | E13: Medium | F13: Mitigate | G13: Implement/validate additional controls and monitor residual risk. | H13: Vendor Owner | I13: 2026-10-31 | J13: Open | K13: Objective treatment evidence | M13: Pending | O13: Simulated treatment record.
... A31: RT-030 | B31: VRA-030 | C31: VND-030 | D31: Portfolio Vendor 30 | E31: Medium | F31: Mitigate | G31: Implement/validate additional controls and monitor residual risk. | H31: Vendor Owner | I31: 2026-10-31 | J31: Open | K31: Objective treatment evidence | M31: Pending | O31: Simulated treatment record.

Sheet Executive Summary
A1: Metric | B1: Value | C1: Management Interpretation | E1: Residual Risk Rating | F1: Count
A2: Vendor Assessments | B2: 30 | C2: Current simulated vendor risk assessment population | E2: Low | F2: =COUNTIF('Risk Assessment Register'!Z:Z,E2) -> 27
A3: Critical Vendors | B3: =COUNTIF('Risk Assessment Register'!H:H,"Critical") -> 10 | C3: Requires enhanced assessment and monitoring | E3: Medium | F3: =COUNTIF('Risk Assessment Register'!Z:Z,E3) -> 3
A4: High Residual Risk | B4: =COUNTIF('Risk Assessment Register'!Z:Z,"High") -> 0 | C4: Requires treatment and management attention | E4: High | F4: =COUNTIF('Risk Assessment Register'!Z:Z,E4) -> 0
A5: Critical Residual Risk | B5: =COUNTIF('Risk Assessment Register'!Z:Z,"Critical") -> 0 | C5: Requires escalation / acceptance decision | E5: Critical | F5: =COUNTIF('Risk Assessment Register'!Z:Z,E5) -> 0
A6: Risk Acceptance Required | B6: =COUNTIF('Risk Assessment Register'!AC:AC,"Yes") -> 0 | C6: Formal acceptance decision required
A7: Open Treatments | B7: =COUNTIF('Risk Treatment Tracker'!J:J,"Open")+COUNTIF('Risk Treatment Tracker'!J:J,"In Progress") -> 30 | C7: Active risk remediation workload
A8: Reassessment Required | B8: =COUNTIF('Risk Assessment Register'!AD:AD,"Reassessment Required") -> 0 | C8: Requires reassessment
A9: Assessment Coverage | B9: =COUNTIF('Risk Assessment Register'!AD:AD,"Assessed")/COUNTA('Risk Assessment Register'!A:A) -> 0.96774194 | C9: Assessment completion rate

Sheet Data Dictionary
A1: Field | B1: Purpose
A2: Assessment ID | B2: Field used in the vendor risk assessment process to establish, score, treat, approve and monitor third-party risk.
A3: Vendor ID | B3: Field used in the vendor risk assessment process to establish, score, treat, approve and monitor third-party risk.
A4: Vendor Name | B4: Field used in the vendor risk assessment process to establish, score, treat, approve and monitor third-party risk.
A5: Vendor Tier | B5: Field used in the vendor risk assessment process to establish, score, treat, approve and monitor third-party risk.
A6: Business Owner | B6: Field used in the vendor risk assessment process to establish, score, treat, approve and monitor third-party risk.
A7: Vendor Owner | B7: Field used in the vendor risk assessment process to establish, score, treat, approve and monitor third-party risk.
A8: Service / Product | B8: Field used in the vendor risk assessment process to establish, score, treat, approve and monitor third-party risk.
A9: Criticality | B9: Field used in the vendor risk assessment process to establish, score, treat, approve and monitor third-party risk.
A10: Data Sensitivity | B10: Field used in the vendor risk assessment process to establish, score, treat, approve and monitor third-party risk.
A11: Data Types | B11: Field used in the vendor risk assessment process to establish, score, treat, approve and monitor third-party risk.
A12: System / Network Access | B12: Field used in the vendor risk assessment process to establish, score, treat, approve and monitor third-party risk.
... A38: Comments | B38: Field used in the vendor risk assessment process to establish, score, treat, approve and monitor third-party risk.
