Workbook

Sheet README
A1: TPRM-024 | VENDOR RISK ACCEPTANCE & RESIDUAL RISK REGISTER | B1: Mayekar Technologies Pvt. Ltd.
A2: Document ID | B2: MTPL-TPRM-024
A3: Version | B3: 1.0
A4: Prepared By | B4: Omkar Abhay Mayekar
A5: Status | B5: Portfolio / Simulated Evidence
A6: Purpose | B6: Formal register for documenting residual risk after vendor controls/treatment, risk acceptance rationale, accountable ownership, approval authority, conditions, review dates and expiry.
A7: Acceptance Principle | B7: Risk acceptance is a governance decision to retain residual risk within approved tolerance; it does not eliminate the risk or replace remediation where remediation remains required.
A8: Required Inputs | B8: Current risk assessment, treatment status, residual risk, exceptions/waivers, business impact, compensating controls and management risk appetite/tolerance.
A9: Review Principle | B9: Accepted risks must be periodically reviewed and reassessed when material changes, incidents, control failures or expiry conditions occur.
A10: Disclaimer | B10: All risk acceptance records, ratings, rationale, approvals and dates are simulated for portfolio/learning purposes.

Sheet Document Control
A1: Field | B1: Value
A2: Document Title | B2: Vendor Risk Acceptance & Residual Risk Register
A3: Document ID | B3: MTPL-TPRM-024
A4: Version | B4: 1.0
A5: Organization | B5: Mayekar Technologies Pvt. Ltd.
A6: Prepared By | B6: Omkar Abhay Mayekar
A7: Reviewed By | B7: GRC Manager — Simulated
A8: Approved By | B8: Management — Simulated
A9: Effective Date | B9: 2026-08-01
A10: Review Cycle | B10: Quarterly / Event Driven / Before Expiry
A11: Classification | B11: Internal / Confidential
A12: Status | B12: Portfolio / Simulated

Sheet Risk Acceptance Register
A1: Acceptance ID | B1: Vendor ID | C1: Vendor Name | D1: TPRM Tier | E1: Risk Source | F1: Risk ID | G1: Risk Description | H1: Inherent Likelihood | I1: Inherent Impact | J1: Inherent Score | K1: Inherent Rating | L1: Treatment Decision | M1: Treatment Status | N1: Residual Likelihood | O1: Residual Impact | P1: Residual Score | Q1: Residual Rating | R1: Risk Tolerance Position | S1: Acceptance Required | T1: Business Justification | U1: Business Impact | V1: Security Impact | W1: Compensating Controls | X1: Risk Owner | Y1: Acceptance Authority | Z1: Request Date | AA1: Acceptance Start Date | AB1: Acceptance Expiry Date | AC1: Review Frequency | AD1: Next Review Date | AE1: Acceptance Status | AF1: Approval Decision | AG1: Approval Date | AH1: Approval Conditions | AI1: Monitoring Requirements | AJ1: Risk Register Updated | AK1: Treatment Plan Updated | AL1: Exception Link | AM1: Evidence Reference | AN1: Closure Criteria | AO1: Closure Date | AP1: Escalation Required | AQ1: Comments
A2: ACC-RR-001 | B2: VND-001 | C2: CloudSphere Infrastructure | D2: Enhanced | E2: Residual Vendor Risk | F2: VND-001-RISK | G2: Residual third-party risk remaining after implemented/planned treatment. | J2: 16 | K2: High | L2: Mitigate | M2: In Progress | N2: 3 | O2: 3 | P2: 9 | Q2: Medium | R2: Within / Pending Tolerance Review | S2: Yes | T2: Temporary acceptance pending completion and validation of treatment actions. | U2: To Be Assessed | V2: To Be Assessed | W2: Enhanced monitoring and compensating controls. | X2: Risk Owner | Y2: Management | Z2: 2026-08-25 | AA2: 2026-08-25 | AB2: 2026-12-31 | AC2: Quarterly | AD2: 2026-09-30 | AE2: Pending | AF2: Pending | AH2: Acceptance subject to documented conditions and periodic review. | AI2: Monthly risk monitoring and treatment progress review. | AJ2: Pending | AK2: Pending | AL2: EXC-001 | AM2: Simulated risk evidence. | AN2: Treatment completion or renewed formal acceptance. | AP2: No | AQ2: Simulated acceptance record.
A3: ACC-RR-002 | B3: VND-002 | C3: Microsoft 365 Services | D3: Standard | E3: Residual Vendor Risk | F3: VND-002-RISK | G3: Residual third-party risk remaining after implemented/planned treatment. | J3: 9 | K3: Medium | L3: Mitigate | M3: In Progress | N3: 2 | O3: 2 | P3: 4 | Q3: Low | R3: Within / Pending Tolerance Review | S3: Yes | T3: Temporary acceptance pending completion and validation of treatment actions. | U3: To Be Assessed | V3: To Be Assessed | W3: Enhanced monitoring and compensating controls. | X3: Risk Owner | Y3: Management | Z3: 2026-08-25 | AA3: 2026-08-25 | AB3: 2026-12-31 | AC3: Quarterly | AD3: 2026-09-30 | AE3: Pending | AF3: Pending | AH3: Acceptance subject to documented conditions and periodic review. | AI3: Monthly risk monitoring and treatment progress review. | AJ3: Pending | AK3: Pending | AL3: EXC-002 | AM3: Simulated risk evidence. | AN3: Treatment completion or renewed formal acceptance. | AP3: No | AQ3: Simulated acceptance record.
A4: ACC-RR-003 | B4: VND-003 | C4: SecureVault Backup | D4: Enhanced | E4: Residual Vendor Risk | F4: VND-003-RISK | G4: Residual third-party risk remaining after implemented/planned treatment. | J4: 16 | K4: High | L4: Mitigate | M4: In Progress | N4: 3 | O4: 3 | P4: 9 | Q4: Medium | R4: Within / Pending Tolerance Review | S4: Yes | T4: Temporary acceptance pending completion and validation of treatment actions. | U4: To Be Assessed | V4: To Be Assessed | W4: Enhanced monitoring and compensating controls. | X4: Risk Owner | Y4: Management | Z4: 2026-08-25 | AA4: 2026-08-25 | AB4: 2026-12-31 | AC4: Quarterly | AD4: 2026-09-30 | AE4: Pending | AF4: Pending | AH4: Acceptance subject to documented conditions and periodic review. | AI4: Monthly risk monitoring and treatment progress review. | AJ4: Pending | AK4: Pending | AL4: EXC-003 | AM4: Simulated risk evidence. | AN4: Treatment completion or renewed formal acceptance. | AP4: No | AQ4: Simulated acceptance record.
A5: ACC-RR-004 | B5: VND-004 | C5: TalentCore HRMS | D5: Standard | E5: Residual Vendor Risk | F5: VND-004-RISK | G5: Residual third-party risk remaining after implemented/planned treatment. | J5: 9 | K5: Medium | L5: Mitigate | M5: In Progress | N5: 2 | O5: 2 | P5: 4 | Q5: Low | R5: Within / Pending Tolerance Review | S5: Yes | T5: Temporary acceptance pending completion and validation of treatment actions. | U5: To Be Assessed | V5: To Be Assessed | W5: Enhanced monitoring and compensating controls. | X5: Risk Owner | Y5: Management | Z5: 2026-08-25 | AA5: 2026-08-25 | AB5: 2026-12-31 | AC5: Quarterly | AD5: 2026-09-30 | AE5: Pending | AF5: Pending | AH5: Acceptance subject to documented conditions and periodic review. | AI5: Monthly risk monitoring and treatment progress review. | AJ5: Pending | AK5: Pending | AL5: EXC-004 | AM5: Simulated risk evidence. | AN5: Treatment completion or renewed formal acceptance. | AP5: No | AQ5: Simulated acceptance record.
A6: ACC-RR-005 | B6: VND-005 | C6: PayMatrix Solutions | D6: Standard | E6: Residual Vendor Risk | F6: VND-005-RISK | G6: Residual third-party risk remaining after implemented/planned treatment. | J6: 9 | K6: Medium | L6: Mitigate | M6: In Progress | N6: 2 | O6: 2 | P6: 4 | Q6: Low | R6: Within / Pending Tolerance Review | S6: Yes | T6: Temporary acceptance pending completion and validation of treatment actions. | U6: To Be Assessed | V6: To Be Assessed | W6: Enhanced monitoring and compensating controls. | X6: Risk Owner | Y6: Management | Z6: 2026-08-25 | AA6: 2026-08-25 | AB6: 2026-12-31 | AC6: Quarterly | AD6: 2026-09-30 | AE6: Pending | AF6: Pending | AH6: Acceptance subject to documented conditions and periodic review. | AI6: Monthly risk monitoring and treatment progress review. | AJ6: Pending | AK6: Pending | AL6: EXC-005 | AM6: Simulated risk evidence. | AN6: Treatment completion or renewed formal acceptance. | AP6: No | AQ6: Simulated acceptance record.
A7: ACC-RR-006 | B7: VND-006 | C7: SalesFlow CRM | D7: Standard | E7: Residual Vendor Risk | F7: VND-006-RISK | G7: Residual third-party risk remaining after implemented/planned treatment. | J7: 9 | K7: Medium | L7: Mitigate | M7: In Progress | N7: 2 | O7: 2 | P7: 4 | Q7: Low | R7: Within / Pending Tolerance Review | S7: Yes | T7: Temporary acceptance pending completion and validation of treatment actions. | U7: To Be Assessed | V7: To Be Assessed | W7: Enhanced monitoring and compensating controls. | X7: Risk Owner | Y7: Management | Z7: 2026-08-25 | AA7: 2026-08-25 | AB7: 2026-12-31 | AC7: Quarterly | AD7: 2026-09-30 | AE7: Pending | AF7: Pending | AH7: Acceptance subject to documented conditions and periodic review. | AI7: Monthly risk monitoring and treatment progress review. | AJ7: Pending | AK7: Pending | AL7: EXC-006 | AM7: Simulated risk evidence. | AN7: Treatment completion or renewed formal acceptance. | AP7: No | AQ7: Simulated acceptance record.
A8: ACC-RR-007 | B8: VND-007 | C8: NetShield SOC Services | D8: Enhanced | E8: Residual Vendor Risk | F8: VND-007-RISK | G8: Residual third-party risk remaining after implemented/planned treatment. | J8: 16 | K8: High | L8: Mitigate | M8: In Progress | N8: 3 | O8: 3 | P8: 9 | Q8: Medium | R8: Within / Pending Tolerance Review | S8: Yes | T8: Temporary acceptance pending completion and validation of treatment actions. | U8: To Be Assessed | V8: To Be Assessed | W8: Enhanced monitoring and compensating controls. | X8: Risk Owner | Y8: Management | Z8: 2026-08-25 | AA8: 2026-08-25 | AB8: 2026-12-31 | AC8: Quarterly | AD8: 2026-09-30 | AE8: Pending | AF8: Pending | AH8: Acceptance subject to documented conditions and periodic review. | AI8: Monthly risk monitoring and treatment progress review. | AJ8: Pending | AK8: Pending | AL8: EXC-007 | AM8: Simulated risk evidence. | AN8: Treatment completion or renewed formal acceptance. | AP8: No | AQ8: Simulated acceptance record.
A9: ACC-RR-008 | B9: VND-008 | C9: RedFort Security Testing | D9: Standard | E9: Residual Vendor Risk | F9: VND-008-RISK | G9: Residual third-party risk remaining after implemented/planned treatment. | J9: 9 | K9: Medium | L9: Mitigate | M9: In Progress | N9: 2 | O9: 2 | P9: 4 | Q9: Low | R9: Within / Pending Tolerance Review | S9: Yes | T9: Temporary acceptance pending completion and validation of treatment actions. | U9: To Be Assessed | V9: To Be Assessed | W9: Enhanced monitoring and compensating controls. | X9: Risk Owner | Y9: Management | Z9: 2026-08-25 | AA9: 2026-08-25 | AB9: 2026-12-31 | AC9: Quarterly | AD9: 2026-09-30 | AE9: Pending | AF9: Pending | AH9: Acceptance subject to documented conditions and periodic review. | AI9: Monthly risk monitoring and treatment progress review. | AJ9: Pending | AK9: Pending | AL9: EXC-008 | AM9: Simulated risk evidence. | AN9: Treatment completion or renewed formal acceptance. | AP9: No | AQ9: Simulated acceptance record.
A10: ACC-RR-009 | B10: VND-009 | C10: EndpointGuard Technologies | D10: Enhanced | E10: Residual Vendor Risk | F10: VND-009-RISK | G10: Residual third-party risk remaining after implemented/planned treatment. | J10: 16 | K10: High | L10: Mitigate | M10: In Progress | N10: 3 | O10: 3 | P10: 9 | Q10: Medium | R10: Within / Pending Tolerance Review | S10: Yes | T10: Temporary acceptance pending completion and validation of treatment actions. | U10: To Be Assessed | V10: To Be Assessed | W10: Enhanced monitoring and compensating controls. | X10: Risk Owner | Y10: Management | Z10: 2026-08-25 | AA10: 2026-08-25 | AB10: 2026-12-31 | AC10: Quarterly | AD10: 2026-09-30 | AE10: Pending | AF10: Pending | AH10: Acceptance subject to documented conditions and periodic review. | AI10: Monthly risk monitoring and treatment progress review. | AJ10: Pending | AK10: Pending | AL10: EXC-009 | AM10: Simulated risk evidence. | AN10: Treatment completion or renewed formal acceptance. | AP10: No | AQ10: Simulated acceptance record.
A11: ACC-RR-010 | B11: VND-010 | C11: ConnectNet Communications | D11: Standard | E11: Residual Vendor Risk | F11: VND-010-RISK | G11: Residual third-party risk remaining after implemented/planned treatment. | J11: 9 | K11: Medium | L11: Mitigate | M11: In Progress | N11: 2 | O11: 2 | P11: 4 | Q11: Low | R11: Within / Pending Tolerance Review | S11: Yes | T11: Temporary acceptance pending completion and validation of treatment actions. | U11: To Be Assessed | V11: To Be Assessed | W11: Enhanced monitoring and compensating controls. | X11: Risk Owner | Y11: Management | Z11: 2026-08-25 | AA11: 2026-08-25 | AB11: 2026-12-31 | AC11: Quarterly | AD11: 2026-09-30 | AE11: Pending | AF11: Pending | AH11: Acceptance subject to documented conditions and periodic review. | AI11: Monthly risk monitoring and treatment progress review. | AJ11: Pending | AK11: Pending | AL11: EXC-010 | AM11: Simulated risk evidence. | AN11: Treatment completion or renewed formal acceptance. | AP11: No | AQ11: Simulated acceptance record.
A12: ACC-RR-011 | B12: VND-011 | C12: DataCenterOne | D12: Enhanced | E12: Residual Vendor Risk | F12: VND-011-RISK | G12: Residual third-party risk remaining after implemented/planned treatment. | J12: 16 | K12: High | L12: Mitigate | M12: In Progress | N12: 3 | O12: 3 | P12: 9 | Q12: Medium | R12: Within / Pending Tolerance Review | S12: Yes | T12: Temporary acceptance pending completion and validation of treatment actions. | U12: To Be Assessed | V12: To Be Assessed | W12: Enhanced monitoring and compensating controls. | X12: Risk Owner | Y12: Management | Z12: 2026-08-25 | AA12: 2026-08-25 | AB12: 2026-12-31 | AC12: Quarterly | AD12: 2026-09-30 | AE12: Pending | AF12: Pending | AH12: Acceptance subject to documented conditions and periodic review. | AI12: Monthly risk monitoring and treatment progress review. | AJ12: Pending | AK12: Pending | AL12: EXC-011 | AM12: Simulated risk evidence. | AN12: Treatment completion or renewed formal acceptance. | AP12: No | AQ12: Simulated acceptance record.
A13: ACC-RR-012 | B13: VND-012 | C13: RecruitPro Services | D13: Standard | E13: Residual Vendor Risk | F13: VND-012-RISK | G13: Residual third-party risk remaining after implemented/planned treatment. | J13: 9 | K13: Medium | L13: Mitigate | M13: In Progress | N13: 2 | O13: 2 | P13: 4 | Q13: Low | R13: Within / Pending Tolerance Review | S13: Yes | T13: Temporary acceptance pending completion and validation of treatment actions. | U13: To Be Assessed | V13: To Be Assessed | W13: Enhanced monitoring and compensating controls. | X13: Risk Owner | Y13: Management | Z13: 2026-08-25 | AA13: 2026-08-25 | AB13: 2026-12-31 | AC13: Quarterly | AD13: 2026-09-30 | AE13: Pending | AF13: Pending | AH13: Acceptance subject to documented conditions and periodic review. | AI13: Monthly risk monitoring and treatment progress review. | AJ13: Pending | AK13: Pending | AL13: EXC-012 | AM13: Simulated risk evidence. | AN13: Treatment completion or renewed formal acceptance. | AP13: No | AQ13: Simulated acceptance record.
... A31: ACC-RR-030 | B31: VND-030 | C31: SecureCourier Logistics | D31: Basic | E31: Residual Vendor Risk | F31: VND-030-RISK | G31: Residual third-party risk remaining after implemented/planned treatment. | J31: 4 | K31: Low | L31: Mitigate | M31: In Progress | N31: 1 | O31: 1 | P31: 1 | Q31: Low | R31: Within / Pending Tolerance Review | S31: Yes | T31: Temporary acceptance pending completion and validation of treatment actions. | U31: To Be Assessed | V31: To Be Assessed | W31: Enhanced monitoring and compensating controls. | X31: Risk Owner | Y31: Management | Z31: 2026-08-25 | AA31: 2026-08-25 | AB31: 2026-12-31 | AC31: Quarterly | AD31: 2026-09-30 | AE31: Pending | AF31: Pending | AH31: Acceptance subject to documented conditions and periodic review. | AI31: Monthly risk monitoring and treatment progress review. | AJ31: Pending | AK31: Pending | AL31: EXC-030 | AM31: Simulated risk evidence. | AN31: Treatment completion or renewed formal acceptance. | AP31: No | AQ31: Simulated acceptance record.

Sheet Acceptance Approval Log
A1: Approval ID | B1: Acceptance ID | C1: Vendor ID | D1: Vendor Name | E1: Approval Stage | F1: Approver Role | G1: Approver Name | H1: Decision | I1: Decision Date | J1: Rationale / Conditions | K1: Evidence Reference | L1: Next Review Date | M1: Comments
A2: APR-RR-001 | B2: ACC-RR-001 | C2: VND-001 | D2: CloudSphere Infrastructure | E2: Initial Risk Acceptance | F2: Management | G2: Simulated Approver | H2: Pending | J2: Formal approval after residual-risk review. | K2: Pending | L2: 2026-09-30 | M2: Simulated approval record.
A3: APR-RR-002 | B3: ACC-RR-002 | C3: VND-002 | D3: Microsoft 365 Services | E3: Initial Risk Acceptance | F3: Management | G3: Simulated Approver | H3: Pending | J3: Formal approval after residual-risk review. | K3: Pending | L3: 2026-09-30 | M3: Simulated approval record.
A4: APR-RR-003 | B4: ACC-RR-003 | C4: VND-003 | D4: SecureVault Backup | E4: Initial Risk Acceptance | F4: Management | G4: Simulated Approver | H4: Pending | J4: Formal approval after residual-risk review. | K4: Pending | L4: 2026-09-30 | M4: Simulated approval record.
A5: APR-RR-004 | B5: ACC-RR-004 | C5: VND-004 | D5: TalentCore HRMS | E5: Initial Risk Acceptance | F5: Management | G5: Simulated Approver | H5: Pending | J5: Formal approval after residual-risk review. | K5: Pending | L5: 2026-09-30 | M5: Simulated approval record.
A6: APR-RR-005 | B6: ACC-RR-005 | C6: VND-005 | D6: PayMatrix Solutions | E6: Initial Risk Acceptance | F6: Management | G6: Simulated Approver | H6: Pending | J6: Formal approval after residual-risk review. | K6: Pending | L6: 2026-09-30 | M6: Simulated approval record.
A7: APR-RR-006 | B7: ACC-RR-006 | C7: VND-006 | D7: SalesFlow CRM | E7: Initial Risk Acceptance | F7: Management | G7: Simulated Approver | H7: Pending | J7: Formal approval after residual-risk review. | K7: Pending | L7: 2026-09-30 | M7: Simulated approval record.
A8: APR-RR-007 | B8: ACC-RR-007 | C8: VND-007 | D8: NetShield SOC Services | E8: Initial Risk Acceptance | F8: Management | G8: Simulated Approver | H8: Pending | J8: Formal approval after residual-risk review. | K8: Pending | L8: 2026-09-30 | M8: Simulated approval record.
A9: APR-RR-008 | B9: ACC-RR-008 | C9: VND-008 | D9: RedFort Security Testing | E9: Initial Risk Acceptance | F9: Management | G9: Simulated Approver | H9: Pending | J9: Formal approval after residual-risk review. | K9: Pending | L9: 2026-09-30 | M9: Simulated approval record.
A10: APR-RR-009 | B10: ACC-RR-009 | C10: VND-009 | D10: EndpointGuard Technologies | E10: Initial Risk Acceptance | F10: Management | G10: Simulated Approver | H10: Pending | J10: Formal approval after residual-risk review. | K10: Pending | L10: 2026-09-30 | M10: Simulated approval record.
A11: APR-RR-010 | B11: ACC-RR-010 | C11: VND-010 | D11: ConnectNet Communications | E11: Initial Risk Acceptance | F11: Management | G11: Simulated Approver | H11: Pending | J11: Formal approval after residual-risk review. | K11: Pending | L11: 2026-09-30 | M11: Simulated approval record.
A12: APR-RR-011 | B12: ACC-RR-011 | C12: VND-011 | D12: DataCenterOne | E12: Initial Risk Acceptance | F12: Management | G12: Simulated Approver | H12: Pending | J12: Formal approval after residual-risk review. | K12: Pending | L12: 2026-09-30 | M12: Simulated approval record.
A13: APR-RR-012 | B13: ACC-RR-012 | C13: VND-012 | D13: RecruitPro Services | E13: Initial Risk Acceptance | F13: Management | G13: Simulated Approver | H13: Pending | J13: Formal approval after residual-risk review. | K13: Pending | L13: 2026-09-30 | M13: Simulated approval record.
... A31: APR-RR-030 | B31: ACC-RR-030 | C31: VND-030 | D31: SecureCourier Logistics | E31: Initial Risk Acceptance | F31: Management | G31: Simulated Approver | H31: Pending | J31: Formal approval after residual-risk review. | K31: Pending | L31: 2026-09-30 | M31: Simulated approval record.

Sheet Acceptance Review Log
A1: Review ID | B1: Acceptance ID | C1: Vendor ID | D1: Vendor Name | E1: Previous Residual Rating | F1: Current Residual Rating | G1: Risk Movement | H1: Material Change | I1: Incident Since Acceptance | J1: Treatment Progress | K1: Control Effectiveness | L1: Acceptance Still Valid | M1: New Expiry Date | N1: Reviewer | O1: Review Date | P1: Decision | Q1: Actions | R1: Evidence Reference | S1: Comments
A2: REV-ACC-001 | B2: ACC-RR-001 | C2: VND-001 | D2: CloudSphere Infrastructure | E2: Pending | F2: Pending | G2: No Change | H2: No | I2: No | J2: In Progress | K2: Pending | L2: Pending | M2: 2026-12-31 | N2: GRC Analyst | P2: Pending | Q2: Complete reassessment and update acceptance if required. | R2: Pending | S2: Simulated review.
A3: REV-ACC-002 | B3: ACC-RR-002 | C3: VND-002 | D3: Microsoft 365 Services | E3: Pending | F3: Pending | G3: No Change | H3: No | I3: No | J3: In Progress | K3: Pending | L3: Pending | M3: 2026-12-31 | N3: GRC Analyst | P3: Pending | Q3: Complete reassessment and update acceptance if required. | R3: Pending | S3: Simulated review.
A4: REV-ACC-003 | B4: ACC-RR-003 | C4: VND-003 | D4: SecureVault Backup | E4: Pending | F4: Pending | G4: No Change | H4: No | I4: No | J4: In Progress | K4: Pending | L4: Pending | M4: 2026-12-31 | N4: GRC Analyst | P4: Pending | Q4: Complete reassessment and update acceptance if required. | R4: Pending | S4: Simulated review.
A5: REV-ACC-004 | B5: ACC-RR-004 | C5: VND-004 | D5: TalentCore HRMS | E5: Pending | F5: Pending | G5: No Change | H5: No | I5: No | J5: In Progress | K5: Pending | L5: Pending | M5: 2026-12-31 | N5: GRC Analyst | P5: Pending | Q5: Complete reassessment and update acceptance if required. | R5: Pending | S5: Simulated review.
A6: REV-ACC-005 | B6: ACC-RR-005 | C6: VND-005 | D6: PayMatrix Solutions | E6: Pending | F6: Pending | G6: No Change | H6: No | I6: No | J6: In Progress | K6: Pending | L6: Pending | M6: 2026-12-31 | N6: GRC Analyst | P6: Pending | Q6: Complete reassessment and update acceptance if required. | R6: Pending | S6: Simulated review.
A7: REV-ACC-006 | B7: ACC-RR-006 | C7: VND-006 | D7: SalesFlow CRM | E7: Pending | F7: Pending | G7: No Change | H7: No | I7: No | J7: In Progress | K7: Pending | L7: Pending | M7: 2026-12-31 | N7: GRC Analyst | P7: Pending | Q7: Complete reassessment and update acceptance if required. | R7: Pending | S7: Simulated review.
A8: REV-ACC-007 | B8: ACC-RR-007 | C8: VND-007 | D8: NetShield SOC Services | E8: Pending | F8: Pending | G8: No Change | H8: No | I8: No | J8: In Progress | K8: Pending | L8: Pending | M8: 2026-12-31 | N8: GRC Analyst | P8: Pending | Q8: Complete reassessment and update acceptance if required. | R8: Pending | S8: Simulated review.
A9: REV-ACC-008 | B9: ACC-RR-008 | C9: VND-008 | D9: RedFort Security Testing | E9: Pending | F9: Pending | G9: No Change | H9: No | I9: No | J9: In Progress | K9: Pending | L9: Pending | M9: 2026-12-31 | N9: GRC Analyst | P9: Pending | Q9: Complete reassessment and update acceptance if required. | R9: Pending | S9: Simulated review.
A10: REV-ACC-009 | B10: ACC-RR-009 | C10: VND-009 | D10: EndpointGuard Technologies | E10: Pending | F10: Pending | G10: No Change | H10: No | I10: No | J10: In Progress | K10: Pending | L10: Pending | M10: 2026-12-31 | N10: GRC Analyst | P10: Pending | Q10: Complete reassessment and update acceptance if required. | R10: Pending | S10: Simulated review.
A11: REV-ACC-010 | B11: ACC-RR-010 | C11: VND-010 | D11: ConnectNet Communications | E11: Pending | F11: Pending | G11: No Change | H11: No | I11: No | J11: In Progress | K11: Pending | L11: Pending | M11: 2026-12-31 | N11: GRC Analyst | P11: Pending | Q11: Complete reassessment and update acceptance if required. | R11: Pending | S11: Simulated review.
A12: REV-ACC-011 | B12: ACC-RR-011 | C12: VND-011 | D12: DataCenterOne | E12: Pending | F12: Pending | G12: No Change | H12: No | I12: No | J12: In Progress | K12: Pending | L12: Pending | M12: 2026-12-31 | N12: GRC Analyst | P12: Pending | Q12: Complete reassessment and update acceptance if required. | R12: Pending | S12: Simulated review.
A13: REV-ACC-012 | B13: ACC-RR-012 | C13: VND-012 | D13: RecruitPro Services | E13: Pending | F13: Pending | G13: No Change | H13: No | I13: No | J13: In Progress | K13: Pending | L13: Pending | M13: 2026-12-31 | N13: GRC Analyst | P13: Pending | Q13: Complete reassessment and update acceptance if required. | R13: Pending | S13: Simulated review.
... A31: REV-ACC-030 | B31: ACC-RR-030 | C31: VND-030 | D31: SecureCourier Logistics | E31: Pending | F31: Pending | G31: No Change | H31: No | I31: No | J31: In Progress | K31: Pending | L31: Pending | M31: 2026-12-31 | N31: GRC Analyst | P31: Pending | Q31: Complete reassessment and update acceptance if required. | R31: Pending | S31: Simulated review.

Sheet Acceptance Expiry Monitoring
A1: Monitor ID | B1: Acceptance ID | C1: Vendor ID | D1: Vendor Name | E1: Expiry Date | F1: Days to Expiry | G1: Residual Rating | H1: Approval Status | I1: Review Status | J1: Owner | K1: Escalation Required | L1: Action Required | M1: Renewal Decision | N1: Comments
A2: MON-ACC-001 | B2: ACC-RR-001 | C2: VND-001 | D2: CloudSphere Infrastructure | E2: 2026-12-31 | F2: =E2-TODAY() -> 128 | G2: High | H2: Pending | I2: Pending | J2: GRC Manager | K2: No | L2: Complete risk review before expiry | M2: Pending | N2: Simulated expiry monitoring.
A3: MON-ACC-002 | B3: ACC-RR-002 | C3: VND-002 | D3: Microsoft 365 Services | E3: 2026-12-31 | F3: =E3-TODAY() -> 128 | G3: Medium | H3: Pending | I3: Pending | J3: GRC Manager | K3: No | L3: Complete risk review before expiry | M3: Pending | N3: Simulated expiry monitoring.
A4: MON-ACC-003 | B4: ACC-RR-003 | C4: VND-003 | D4: SecureVault Backup | E4: 2026-12-31 | F4: =E4-TODAY() -> 128 | G4: High | H4: Pending | I4: Pending | J4: GRC Manager | K4: No | L4: Complete risk review before expiry | M4: Pending | N4: Simulated expiry monitoring.
A5: MON-ACC-004 | B5: ACC-RR-004 | C5: VND-004 | D5: TalentCore HRMS | E5: 2026-12-31 | F5: =E5-TODAY() -> 128 | G5: Medium | H5: Pending | I5: Pending | J5: GRC Manager | K5: No | L5: Complete risk review before expiry | M5: Pending | N5: Simulated expiry monitoring.
A6: MON-ACC-005 | B6: ACC-RR-005 | C6: VND-005 | D6: PayMatrix Solutions | E6: 2026-12-31 | F6: =E6-TODAY() -> 128 | G6: Medium | H6: Pending | I6: Pending | J6: GRC Manager | K6: No | L6: Complete risk review before expiry | M6: Pending | N6: Simulated expiry monitoring.
A7: MON-ACC-006 | B7: ACC-RR-006 | C7: VND-006 | D7: SalesFlow CRM | E7: 2026-12-31 | F7: =E7-TODAY() -> 128 | G7: Medium | H7: Pending | I7: Pending | J7: GRC Manager | K7: No | L7: Complete risk review before expiry | M7: Pending | N7: Simulated expiry monitoring.
A8: MON-ACC-007 | B8: ACC-RR-007 | C8: VND-007 | D8: NetShield SOC Services | E8: 2026-12-31 | F8: =E8-TODAY() -> 128 | G8: High | H8: Pending | I8: Pending | J8: GRC Manager | K8: No | L8: Complete risk review before expiry | M8: Pending | N8: Simulated expiry monitoring.
A9: MON-ACC-008 | B9: ACC-RR-008 | C9: VND-008 | D9: RedFort Security Testing | E9: 2026-12-31 | F9: =E9-TODAY() -> 128 | G9: Medium | H9: Pending | I9: Pending | J9: GRC Manager | K9: No | L9: Complete risk review before expiry | M9: Pending | N9: Simulated expiry monitoring.
A10: MON-ACC-009 | B10: ACC-RR-009 | C10: VND-009 | D10: EndpointGuard Technologies | E10: 2026-12-31 | F10: =E10-TODAY() -> 128 | G10: High | H10: Pending | I10: Pending | J10: GRC Manager | K10: No | L10: Complete risk review before expiry | M10: Pending | N10: Simulated expiry monitoring.
A11: MON-ACC-010 | B11: ACC-RR-010 | C11: VND-010 | D11: ConnectNet Communications | E11: 2026-12-31 | F11: =E11-TODAY() -> 128 | G11: Medium | H11: Pending | I11: Pending | J11: GRC Manager | K11: No | L11: Complete risk review before expiry | M11: Pending | N11: Simulated expiry monitoring.
A12: MON-ACC-011 | B12: ACC-RR-011 | C12: VND-011 | D12: DataCenterOne | E12: 2026-12-31 | F12: =E12-TODAY() -> 128 | G12: High | H12: Pending | I12: Pending | J12: GRC Manager | K12: No | L12: Complete risk review before expiry | M12: Pending | N12: Simulated expiry monitoring.
A13: MON-ACC-012 | B13: ACC-RR-012 | C13: VND-012 | D13: RecruitPro Services | E13: 2026-12-31 | F13: =E13-TODAY() -> 128 | G13: Medium | H13: Pending | I13: Pending | J13: GRC Manager | K13: No | L13: Complete risk review before expiry | M13: Pending | N13: Simulated expiry monitoring.
... A31: MON-ACC-030 | B31: ACC-RR-030 | C31: VND-030 | D31: SecureCourier Logistics | E31: 2026-12-31 | F31: =E31-TODAY() -> 128 | G31: Low | H31: Pending | I31: Pending | J31: GRC Manager | K31: No | L31: Complete risk review before expiry | M31: Pending | N31: Simulated expiry monitoring.

Sheet Executive Summary
A1: Metric | B1: Value | C1: Management Interpretation | E1: Residual Rating | F1: Count
A2: Vendor Population | B2: 30 | C2: Current residual risk acceptance population | E2: Critical | F2: =COUNTIF('Risk Acceptance Register'!Q:Q,E2) -> 0
A3: Acceptance Records | B3: 30 | C3: Formal acceptance lifecycle records | E3: High | F3: =COUNTIF('Risk Acceptance Register'!Q:Q,E3) -> 0
A4: Approval Records | B4: 30 | C4: Approval workflow population | E4: Medium | F4: =COUNTIF('Risk Acceptance Register'!Q:Q,E4) -> 8
A5: Review Records | B5: 30 | C5: Periodic acceptance review population | E5: Low | F5: =COUNTIF('Risk Acceptance Register'!Q:Q,E5) -> 22
A6: Expiry Records | B6: 30 | C6: Time-bound acceptance monitoring
A7: Approved / Conditional | B7: =COUNTIF('Risk Acceptance Register'!AE:AE,"Approved")+COUNTIF('Risk Acceptance Register'!AE:AE,"Conditionally Approved") -> 0 | C7: Accepted residual risk population
A8: Expired | B8: =COUNTIF('Risk Acceptance Register'!AE:AE,"Expired") -> 0 | C8: Requires immediate review
A9: High/Critical Residual Risk | B9: =COUNTIF('Risk Acceptance Register'!Q:Q,"High")+COUNTIF('Risk Acceptance Register'!Q:Q,"Critical") -> 0 | C9: Priority risk acceptance population
A10: Open / Pending | B10: =COUNTIF('Risk Acceptance Register'!AE:AE,"Pending") -> 30 | C10: Awaiting formal decision
A11: Renewal / Review Required | B11: =COUNTIF('Acceptance Review Log'!L:L,"Pending") -> 30 | C11: Acceptance validity requiring review

Sheet Acceptance Methodology
A1: Area | B1: Guidance | C1: Rule
A2: Residual Risk | B2: Risk remaining after controls/treatment | C2: Use current evidence and reassessment
A3: Acceptance Decision | B3: Formal decision to retain residual risk | C3: Must be within or explicitly approved above tolerance
A4: Authority | B4: Assign approval based on risk level | C4: Requester should not be sole approver
A5: Conditions | B5: Document conditions attached to acceptance | C5: Track conditions as actions
A6: Expiry | B6: Set defined validity period | C6: Review before expiry
A7: Monitoring | B7: Track incidents, control effectiveness and treatment progress | C7: Revoke/reassess if risk materially changes
A8: Closure | B8: Close when treatment removes need for acceptance or risk decision changes | C8: Update risk register and evidence

Sheet Data Dictionary
A1: Field | B1: Purpose
A2: Acceptance ID | B2: Field used to document residual risk, business rationale, acceptance authority, conditions, monitoring, expiry and closure.
A3: Vendor ID | B3: Field used to document residual risk, business rationale, acceptance authority, conditions, monitoring, expiry and closure.
A4: Vendor Name | B4: Field used to document residual risk, business rationale, acceptance authority, conditions, monitoring, expiry and closure.
A5: TPRM Tier | B5: Field used to document residual risk, business rationale, acceptance authority, conditions, monitoring, expiry and closure.
A6: Risk Source | B6: Field used to document residual risk, business rationale, acceptance authority, conditions, monitoring, expiry and closure.
A7: Risk ID | B7: Field used to document residual risk, business rationale, acceptance authority, conditions, monitoring, expiry and closure.
A8: Risk Description | B8: Field used to document residual risk, business rationale, acceptance authority, conditions, monitoring, expiry and closure.
A9: Inherent Likelihood | B9: Field used to document residual risk, business rationale, acceptance authority, conditions, monitoring, expiry and closure.
A10: Inherent Impact | B10: Field used to document residual risk, business rationale, acceptance authority, conditions, monitoring, expiry and closure.
A11: Inherent Score | B11: Field used to document residual risk, business rationale, acceptance authority, conditions, monitoring, expiry and closure.
A12: Inherent Rating | B12: Field used to document residual risk, business rationale, acceptance authority, conditions, monitoring, expiry and closure.
... A44: Comments | B44: Field used to document residual risk, business rationale, acceptance authority, conditions, monitoring, expiry and closure.
